asset_id,source_dataset,original_celeba_file,raw_image_path,raw_mask_path,image_path,mask_path,partition,gender_label,quality_score,confidence_bucket,quality_flags,hair_mask_stats,mask_topology_stats,mask_shape_stats,crop_box,crop_size,celeba_attribute_hints,labeling,full_hair_score,full_hair_flags,full_hair_candidate,render_review,render_bank
celeba_full_hair_000001,CelebA_full_hair,000011.jpg,D:\Projects\Personal Projects\Hairstyle Recommender Live Tryon\backend\data\raw\celeba\img_align_celeba\img_align_celeba\000011.jpg,D:\Projects\Personal Projects\Hairstyle Recommender Live Tryon\backend\data\datasets\celeba_hair_rich\segmentation_masks\000011_hair_mask.png,D:\Projects\Personal Projects\Hairstyle Recommender Live Tryon\backend\data\processed\celeba_full_hair_assets\images\celeba_full_hair_000001.png,D:\Projects\Personal Projects\Hairstyle Recommender Live Tryon\backend\data\processed\celeba_full_hair_assets\masks\celeba_full_hair_000001_mask.png,train,female,1.0,high,['usable_candidate'],"{'positive_pixels': 8328, 'coverage_ratio': 0.214617, 'bbox_x': 7, 'bbox_y': 17, 'bbox_width': 136, 'bbox_height': 153}","{'component_count': 1, 'largest_component_pixels': 8328, 'secondary_component_pixels': 0, 'stray_pixels': 0, 'stray_ratio': 0.0}","{'top_band_coverage': 0.187986, 'top_band_span_ratio': 0.477528, 'side_bias_ratio': 0.301393, 'outer_side_ratio': 0.190442, 'top_rows_with_pixels': 22}","{'left': 0, 'top': 0, 'right': 164, 'bottom': 182}","{'width': 164, 'height': 182}","{'positive_fields': ['Black_Hair'], 'color_hint': 'Black_Hair', 'texture_hint': None, 'bangs_hint': False, 'male_hint': False, 'receding_hairline_hint': False}","{'status': 'seed_from_celeba_attributes', 'taxonomy_source': 'CelebA_native_attributes', 'normalized_attributes': {'length': None, 'curl': None, 'bang': None, 'volume': None, 'side_hair': None, 'color': None, 'style_family': None}, 'notes': ''}",1.0,['full_hair_candidate'],True,"{'keep': 'yes', 'notes': 'codex_visual_review'}","{'status': 'reviewed_render_safe_keep', 'source': 'manual_render_review'}"
celeba_full_hair_000024,CelebA_full_hair,000198.jpg,D:\Projects\Personal Projects\Hairstyle Recommender Live Tryon\backend\data\raw\celeba\img_align_celeba\img_align_celeba\000198.jpg,D:\Projects\Personal Projects\Hairstyle Recommender Live Tryon\backend\data\datasets\celeba_hair_rich\segmentation_masks\000198_hair_mask.png,D:\Projects\Personal Projects\Hairstyle Recommender Live Tryon\backend\data\processed\celeba_full_hair_assets\images\celeba_full_hair_000024.png,D:\Projects\Personal Projects\Hairstyle Recommender Live Tryon\backend\data\processed\celeba_full_hair_assets\masks\celeba_full_hair_000024_mask.png,train,female,1.0,high,['usable_candidate'],"{'positive_pixels': 14768, 'coverage_ratio': 0.380579, 'bbox_x': 0, 'bbox_y': 0, 'bbox_width': 160, 'bbox_height': 218}","{'component_count': 1, 'largest_component_pixels': 14768, 'secondary_component_pixels': 0, 'stray_pixels': 0, 'stray_ratio': 0.0}","{'top_band_coverage': 0.250504, 'top_band_span_ratio': 0.544944, 'side_bias_ratio': 0.001896, 'outer_side_ratio': 0.251557, 'top_rows_with_pixels': 39}","{'left': 0, 'top': 0, 'right': 178, 'bottom': 218}","{'width': 178, 'height': 218}","{'positive_fields': ['Brown_Hair'], 'color_hint': 'Brown_Hair', 'texture_hint': None, 'bangs_hint': False, 'male_hint': False, 'receding_hairline_hint': False}","{'status': 'seed_from_celeba_attributes', 'taxonomy_source': 'CelebA_native_attributes', 'normalized_attributes': {'length': None, 'curl': None, 'bang': None, 'volume': None, 'side_hair': None, 'color': None, 'style_family': None}, 'notes': ''}",1.0,['full_hair_candidate'],True,"{'keep': 'yes', 'notes': 'codex_visual_review'}","{'status': 'reviewed_render_safe_keep', 'source': 'manual_render_review'}"
celeba_full_hair_000026,CelebA_full_hair,000216.jpg,D:\Projects\Personal Projects\Hairstyle Recommender Live Tryon\backend\data\raw\celeba\img_align_celeba\img_align_celeba\000216.jpg,D:\Projects\Personal Projects\Hairstyle Recommender Live Tryon\backend\data\datasets\celeba_hair_rich\segmentation_masks\000216_hair_mask.png,D:\Projects\Personal Projects\Hairstyle Recommender Live Tryon\backend\data\processed\celeba_full_hair_assets\images\celeba_full_hair_000026.png,D:\Projects\Personal Projects\Hairstyle Recommender Live Tryon\backend\data\processed\celeba_full_hair_assets\masks\celeba_full_hair_000026_mask.png,train,female,1.0,high,['usable_candidate'],"{'positive_pixels': 9027, 'coverage_ratio': 0.232631, 'bbox_x': 32, 'bbox_y': 31, 'bbox_width': 122, 'bbox_height': 171}","{'component_count': 1, 'largest_component_pixels': 9027, 'secondary_component_pixels': 0, 'stray_pixels': 0, 'stray_ratio': 0.0}","{'top_band_coverage': 0.043071, 'top_band_span_ratio': 0.325843, 'side_bias_ratio': 0.12662, 'outer_side_ratio': 0.074665, 'top_rows_with_pixels': 8}","{'left': 13, 'top': 8, 'right': 173, 'bottom': 215}","{'width': 160, 'height': 207}","{'positive_fields': ['Black_Hair', 'Straight_Hair', 'Receding_Hairline'], 'color_hint': 'Black_Hair', 'texture_hint': 'Straight_Hair', 'bangs_hint': False, 'male_hint': False, 'receding_hairline_hint': True}","{'status': 'seed_from_celeba_attributes', 'taxonomy_source': 'CelebA_native_attributes', 'normalized_attributes': {'length': None, 'curl': None, 'bang': None, 'volume': None, 'side_hair': None, 'color': None, 'style_family': None}, 'notes': ''}",1.0,['full_hair_candidate'],True,"{'keep': 'yes', 'notes': 'codex_visual_review'}","{'status': 'reviewed_render_safe_keep', 'source': 'manual_render_review'}"
celeba_full_hair_000030,CelebA_full_hair,000239.jpg,D:\Projects\Personal Projects\Hairstyle Recommender Live Tryon\backend\data\raw\celeba\img_align_celeba\img_align_celeba\000239.jpg,D:\Projects\Personal Projects\Hairstyle Recommender Live Tryon\backend\data\datasets\celeba_hair_rich\segmentation_masks\000239_hair_mask.png,D:\Projects\Personal Projects\Hairstyle Recommender Live Tryon\backend\data\processed\celeba_full_hair_assets\images\celeba_full_hair_000030.png,D:\Projects\Personal Projects\Hairstyle Recommender Live Tryon\backend\data\processed\celeba_full_hair_assets\masks\celeba_full_hair_000030_mask.png,train,female,1.0,high,['usable_candidate'],"{'positive_pixels': 9775, 'coverage_ratio': 0.251907, 'bbox_x': 19, 'bbox_y': 16, 'bbox_width': 135, 'bbox_height': 155}","{'component_count': 1, 'largest_component_pixels': 9775, 'secondary_component_pixels': 0, 'stray_pixels': 0, 'stray_ratio': 0.0}","{'top_band_coverage': 0.2155, 'top_band_span_ratio': 0.522472, 'side_bias_ratio': 0.192839, 'outer_side_ratio': 0.117852, 'top_rows_with_pixels': 23}","{'left': 0, 'top': 0, 'right': 175, 'bottom': 183}","{'width': 175, 'height': 183}","{'positive_fields': ['Bangs', 'Blond_Hair', 'Straight_Hair'], 'color_hint': 'Blond_Hair', 'texture_hint': 'Straight_Hair', 'bangs_hint': True, 'male_hint': False, 'receding_hairline_hint': False}","{'status': 'seed_from_celeba_attributes', 'taxonomy_source': 'CelebA_native_attributes', 'normalized_attributes': {'length': None, 'curl': None, 'bang': None, 'volume': None, 'side_hair': None, 'color': None, 'style_family': None}, 'notes': ''}",1.0,['full_hair_candidate'],True,"{'keep': 'yes', 'notes': 'codex_visual_review'}","{'status': 'reviewed_render_safe_keep', 'source': 'manual_render_review'}"
celeba_full_hair_000038,CelebA_full_hair,000352.jpg,D:\Projects\Personal Projects\Hairstyle Recommender Live Tryon\backend\data\raw\celeba\img_align_celeba\img_align_celeba\000352.jpg,D:\Projects\Personal Projects\Hairstyle Recommender Live Tryon\backend\data\datasets\celeba_hair_rich\segmentation_masks\000352_hair_mask.png,D:\Projects\Personal Projects\Hairstyle Recommender Live Tryon\backend\data\processed\celeba_full_hair_assets\images\celeba_full_hair_000038.png,D:\Projects\Personal Projects\Hairstyle Recommender Live Tryon\backend\data\processed\celeba_full_hair_assets\masks\celeba_full_hair_000038_mask.png,train,male,1.0,high,['usable_candidate'],"{'positive_pixels': 8375, 'coverage_ratio': 0.215828, 'bbox_x': 23, 'bbox_y': 11, 'bbox_width': 125, 'bbox_height': 124}","{'component_count': 1, 'largest_component_pixels': 8375, 'secondary_component_pixels': 0, 'stray_pixels': 0, 'stray_ratio': 0.0}","{'top_band_coverage': 0.229473, 'top_band_span_ratio': 0.455056, 'side_bias_ratio': 0.042866, 'outer_side_ratio': 0.044537, 'top_rows_with_pixels': 28}","{'left': 3, 'top': 0, 'right': 168, 'bottom': 144}","{'width': 165, 'height': 144}","{'positive_fields': ['Male', 'Bangs', 'Brown_Hair'], 'color_hint': 'Brown_Hair', 'texture_hint': None, 'bangs_hint': True, 'male_hint': True, 'receding_hairline_hint': False}","{'status': 'seed_from_celeba_attributes', 'taxonomy_source': 'CelebA_native_attributes', 'normalized_attributes': {'length': None, 'curl': None, 'bang': None, 'volume': None, 'side_hair': None, 'color': None, 'style_family': None}, 'notes': ''}",1.0,['full_hair_candidate'],True,"{'keep': 'yes', 'notes': 'codex_visual_review'}","{'status': 'reviewed_render_safe_keep', 'source': 'manual_render_review'}"
celeba_full_hair_000040,CelebA_full_hair,000367.jpg,D:\Projects\Personal Projects\Hairstyle Recommender Live Tryon\backend\data\raw\celeba\img_align_celeba\img_align_celeba\000367.jpg,D:\Projects\Personal Projects\Hairstyle Recommender Live Tryon\backend\data\datasets\celeba_hair_rich\segmentation_masks\000367_hair_mask.png,D:\Projects\Personal Projects\Hairstyle Recommender Live Tryon\backend\data\processed\celeba_full_hair_assets\images\celeba_full_hair_000040.png,D:\Projects\Personal Projects\Hairstyle Recommender Live Tryon\backend\data\processed\celeba_full_hair_assets\masks\celeba_full_hair_000040_mask.png,train,male,1.0,high,['usable_candidate'],"{'positive_pixels': 9029, 'coverage_ratio': 0.232682, 'bbox_x': 35, 'bbox_y': 12, 'bbox_width': 128, 'bbox_height': 153}","{'component_count': 1, 'largest_component_pixels': 9029, 'secondary_component_pixels': 0, 'stray_pixels': 0, 'stray_ratio': 0.0}","{'top_band_coverage': 0.307548, 'top_band_span_ratio': 0.595506, 'side_bias_ratio': 0.088936, 'outer_side_ratio': 0.118064, 'top_rows_with_pixels': 27}","{'left': 15, 'top': 0, 'right': 178, 'bottom': 177}","{'width': 163, 'height': 177}","{'positive_fields': ['Male', 'Black_Hair'], 'color_hint': 'Black_Hair', 'texture_hint': None, 'bangs_hint': False, 'male_hint': True, 'receding_hairline_hint': False}","{'status': 'seed_from_celeba_attributes', 'taxonomy_source': 'CelebA_native_attributes', 'normalized_attributes': {'length': None, 'curl': None, 'bang': None, 'volume': None, 'side_hair': None, 'color': None, 'style_family': None}, 'notes': ''}",1.0,['full_hair_candidate'],True,"{'keep': 'yes', 'notes': 'codex_visual_review'}","{'status': 'reviewed_render_safe_keep', 'source': 'manual_render_review'}"
celeba_full_hair_000051,CelebA_full_hair,000446.jpg,D:\Projects\Personal Projects\Hairstyle Recommender Live Tryon\backend\data\raw\celeba\img_align_celeba\img_align_celeba\000446.jpg,D:\Projects\Personal Projects\Hairstyle Recommender Live Tryon\backend\data\datasets\celeba_hair_rich\segmentation_masks\000446_hair_mask.png,D:\Projects\Personal Projects\Hairstyle Recommender Live Tryon\backend\data\processed\celeba_full_hair_assets\images\celeba_full_hair_000051.png,D:\Projects\Personal Projects\Hairstyle Recommender Live Tryon\backend\data\processed\celeba_full_hair_assets\masks\celeba_full_hair_000051_mask.png,train,female,1.0,high,['usable_candidate'],"{'positive_pixels': 8615, 'coverage_ratio': 0.222013, 'bbox_x': 26, 'bbox_y': 15, 'bbox_width': 137, 'bbox_height': 123}","{'component_count': 1, 'largest_component_pixels': 8615, 'secondary_component_pixels': 0, 'stray_pixels': 0, 'stray_ratio': 0.0}","{'top_band_coverage': 0.249784, 'top_band_span_ratio': 0.573034, 'side_bias_ratio': 0.004527, 'outer_side_ratio': 0.156355, 'top_rows_with_pixels': 24}","{'left': 5, 'top': 0, 'right': 178, 'bottom': 147}","{'width': 173, 'height': 147}","{'positive_fields': ['Straight_Hair'], 'color_hint': None, 'texture_hint': 'Straight_Hair', 'bangs_hint': False, 'male_hint': False, 'receding_hairline_hint': False}","{'status': 'seed_from_celeba_attributes', 'taxonomy_source': 'CelebA_native_attributes', 'normalized_attributes': {'length': None, 'curl': None, 'bang': None, 'volume': None, 'side_hair': None, 'color': None, 'style_family': None}, 'notes': ''}",1.0,['full_hair_candidate'],True,"{'keep': 'yes', 'notes': 'codex_visual_review'}","{'status': 'reviewed_render_safe_keep', 'source': 'manual_render_review'}"
celeba_full_hair_000055,CelebA_full_hair,000495.jpg,D:\Projects\Personal Projects\Hairstyle Recommender Live Tryon\backend\data\raw\celeba\img_align_celeba\img_align_celeba\000495.jpg,D:\Projects\Personal Projects\Hairstyle Recommender Live Tryon\backend\data\datasets\celeba_hair_rich\segmentation_masks\000495_hair_mask.png,D:\Projects\Personal Projects\Hairstyle Recommender Live Tryon\backend\data\processed\celeba_full_hair_assets\images\celeba_full_hair_000055.png,D:\Projects\Personal Projects\Hairstyle Recommender Live Tryon\backend\data\processed\celeba_full_hair_assets\masks\celeba_full_hair_000055_mask.png,train,female,1.0,high,['usable_candidate'],"{'positive_pixels': 9410, 'coverage_ratio': 0.242501, 'bbox_x': 19, 'bbox_y': 14, 'bbox_width': 134, 'bbox_height': 178}","{'component_count': 1, 'largest_component_pixels': 9410, 'secondary_component_pixels': 0, 'stray_pixels': 0, 'stray_ratio': 0.0}","{'top_band_coverage': 0.241573, 'top_band_span_ratio': 0.488764, 'side_bias_ratio': 0.031031, 'outer_side_ratio': 0.099575, 'top_rows_with_pixels': 25}","{'left': 0, 'top': 0, 'right': 174, 'bottom': 206}","{'width': 174, 'height': 206}","{'positive_fields': ['Brown_Hair'], 'color_hint': 'Brown_Hair', 'texture_hint': None, 'bangs_hint': False, 'male_hint': False, 'receding_hairline_hint': False}","{'status': 'seed_from_celeba_attributes', 'taxonomy_source': 'CelebA_native_attributes', 'normalized_attributes': {'length': None, 'curl': None, 'bang': None, 'volume': None, 'side_hair': None, 'color': None, 'style_family': None}, 'notes': ''}",1.0,['full_hair_candidate'],True,"{'keep': 'yes', 'notes': 'codex_visual_review'}","{'status': 'reviewed_render_safe_keep', 'source': 'manual_render_review'}"
celeba_full_hair_000059,CelebA_full_hair,000667.jpg,D:\Projects\Personal Projects\Hairstyle Recommender Live Tryon\backend\data\raw\celeba\img_align_celeba\img_align_celeba\000667.jpg,D:\Projects\Personal Projects\Hairstyle Recommender Live Tryon\backend\data\datasets\celeba_hair_rich\segmentation_masks\000667_hair_mask.png,D:\Projects\Personal Projects\Hairstyle Recommender Live Tryon\backend\data\processed\celeba_full_hair_assets\images\celeba_full_hair_000059.png,D:\Projects\Personal Projects\Hairstyle Recommender Live Tryon\backend\data\processed\celeba_full_hair_assets\masks\celeba_full_hair_000059_mask.png,train,female,1.0,high,['usable_candidate'],"{'positive_pixels': 10673, 'coverage_ratio': 0.275049, 'bbox_x': 13, 'bbox_y': 3, 'bbox_width': 147, 'bbox_height': 161}","{'component_count': 1, 'largest_component_pixels': 10673, 'secondary_component_pixels': 0, 'stray_pixels': 0, 'stray_ratio': 0.0}","{'top_band_coverage': 0.4431, 'top_band_span_ratio': 0.685393, 'side_bias_ratio': 0.113651, 'outer_side_ratio': 0.215684, 'top_rows_with_pixels': 36}","{'left': 0, 'top': 0, 'right': 178, 'bottom': 176}","{'width': 178, 'height': 176}","{'positive_fields': ['Bangs', 'Blond_Hair', 'Wavy_Hair'], 'color_hint': 'Blond_Hair', 'texture_hint': 'Wavy_Hair', 'bangs_hint': True, 'male_hint': False, 'receding_hairline_hint': False}","{'status': 'seed_from_celeba_attributes', 'taxonomy_source': 'CelebA_native_attributes', 'normalized_attributes': {'length': None, 'curl': None, 'bang': None, 'volume': None, 'side_hair': None, 'color': None, 'style_family': None}, 'notes': ''}",1.0,['full_hair_candidate'],True,"{'keep': 'yes', 'notes': 'codex_visual_review'}","{'status': 'reviewed_render_safe_keep', 'source': 'manual_render_review'}"
celeba_full_hair_000062,CelebA_full_hair,000732.jpg,D:\Projects\Personal Projects\Hairstyle Recommender Live Tryon\backend\data\raw\celeba\img_align_celeba\img_align_celeba\000732.jpg,D:\Projects\Personal Projects\Hairstyle Recommender Live Tryon\backend\data\datasets\celeba_hair_rich\segmentation_masks\000732_hair_mask.png,D:\Projects\Personal Projects\Hairstyle Recommender Live Tryon\backend\data\processed\celeba_full_hair_assets\images\celeba_full_hair_000062.png,D:\Projects\Personal Projects\Hairstyle Recommender Live Tryon\backend\data\processed\celeba_full_hair_assets\masks\celeba_full_hair_000062_mask.png,train,male,1.0,high,['usable_candidate'],"{'positive_pixels': 9522, 'coverage_ratio': 0.245387, 'bbox_x': 26, 'bbox_y': 17, 'bbox_width': 142, 'bbox_height': 143}","{'component_count': 1, 'largest_component_pixels': 9522, 'secondary_component_pixels': 0, 'stray_pixels': 0, 'stray_ratio': 0.0}","{'top_band_coverage': 0.163065, 'top_band_span_ratio': 0.533708, 'side_bias_ratio': 0.214451, 'outer_side_ratio': 0.198593, 'top_rows_with_pixels': 22}","{'left': 4, 'top': 0, 'right': 178, 'bottom': 171}","{'width': 174, 'height': 171}","{'positive_fields': ['Male', 'Brown_Hair', 'Wavy_Hair'], 'color_hint': 'Brown_Hair', 'texture_hint': 'Wavy_Hair', 'bangs_hint': False, 'male_hint': True, 'receding_hairline_hint': False}","{'status': 'seed_from_celeba_attributes', 'taxonomy_source': 'CelebA_native_attributes', 'normalized_attributes': {'length': None, 'curl': None, 'bang': None, 'volume': None, 'side_hair': None, 'color': None, 'style_family': None}, 'notes': ''}",1.0,['full_hair_candidate'],True,"{'keep': 'yes', 'notes': 'codex_visual_review'}","{'status': 'reviewed_render_safe_keep', 'source': 'manual_render_review'}"
celeba_full_hair_000064,CelebA_full_hair,000780.jpg,D:\Projects\Personal Projects\Hairstyle Recommender Live Tryon\backend\data\raw\celeba\img_align_celeba\img_align_celeba\000780.jpg,D:\Projects\Personal Projects\Hairstyle Recommender Live Tryon\backend\data\datasets\celeba_hair_rich\segmentation_masks\000780_hair_mask.png,D:\Projects\Personal Projects\Hairstyle Recommender Live Tryon\backend\data\processed\celeba_full_hair_assets\images\celeba_full_hair_000064.png,D:\Projects\Personal Projects\Hairstyle Recommender Live Tryon\backend\data\processed\celeba_full_hair_assets\masks\celeba_full_hair_000064_mask.png,train,male,1.0,high,['usable_candidate'],"{'positive_pixels': 7489, 'coverage_ratio': 0.192996, 'bbox_x': 34, 'bbox_y': 10, 'bbox_width': 123, 'bbox_height': 130}","{'component_count': 1, 'largest_component_pixels': 7489, 'secondary_component_pixels': 0, 'stray_pixels': 0, 'stray_ratio': 0.0}","{'top_band_coverage': 0.252809, 'top_band_span_ratio': 0.505618, 'side_bias_ratio': 0.231139, 'outer_side_ratio': 0.063159, 'top_rows_with_pixels': 29}","{'left': 15, 'top': 0, 'right': 176, 'bottom': 150}","{'width': 161, 'height': 150}","{'positive_fields': ['Male', 'Black_Hair'], 'color_hint': 'Black_Hair', 'texture_hint': None, 'bangs_hint': False, 'male_hint': True, 'receding_hairline_hint': False}","{'status': 'seed_from_celeba_attributes', 'taxonomy_source': 'CelebA_native_attributes', 'normalized_attributes': {'length': None, 'curl': None, 'bang': None, 'volume': None, 'side_hair': None, 'color': None, 'style_family': None}, 'notes': ''}",1.0,['full_hair_candidate'],True,"{'keep': 'yes', 'notes': 'codex_visual_review'}","{'status': 'reviewed_render_safe_keep', 'source': 'manual_render_review'}"
celeba_full_hair_000067,CelebA_full_hair,000876.jpg,D:\Projects\Personal Projects\Hairstyle Recommender Live Tryon\backend\data\raw\celeba\img_align_celeba\img_align_celeba\000876.jpg,D:\Projects\Personal Projects\Hairstyle Recommender Live Tryon\backend\data\datasets\celeba_hair_rich\segmentation_masks\000876_hair_mask.png,D:\Projects\Personal Projects\Hairstyle Recommender Live Tryon\backend\data\processed\celeba_full_hair_assets\images\celeba_full_hair_000067.png,D:\Projects\Personal Projects\Hairstyle Recommender Live Tryon\backend\data\processed\celeba_full_hair_assets\masks\celeba_full_hair_000067_mask.png,train,female,1.0,high,['usable_candidate'],"{'positive_pixels': 13719, 'coverage_ratio': 0.353546, 'bbox_x': 8, 'bbox_y': 15, 'bbox_width': 164, 'bbox_height': 178}","{'component_count': 1, 'largest_component_pixels': 13719, 'secondary_component_pixels': 0, 'stray_pixels': 0, 'stray_ratio': 0.0}","{'top_band_coverage': 0.235667, 'top_band_span_ratio': 0.550562, 'side_bias_ratio': 0.018733, 'outer_side_ratio': 0.296304, 'top_rows_with_pixels': 24}","{'left': 0, 'top': 0, 'right': 178, 'bottom': 207}","{'width': 178, 'height': 207}","{'positive_fields': ['Brown_Hair', 'Wavy_Hair'], 'color_hint': 'Brown_Hair', 'texture_hint': 'Wavy_Hair', 'bangs_hint': False, 'male_hint': False, 'receding_hairline_hint': False}","{'status': 'seed_from_celeba_attributes', 'taxonomy_source': 'CelebA_native_attributes', 'normalized_attributes': {'length': None, 'curl': None, 'bang': None, 'volume': None, 'side_hair': None, 'color': None, 'style_family': None}, 'notes': ''}",1.0,['full_hair_candidate'],True,"{'keep': 'yes', 'notes': 'codex_visual_review'}","{'status': 'reviewed_render_safe_keep', 'source': 'manual_render_review'}"
celeba_full_hair_000068,CelebA_full_hair,000898.jpg,D:\Projects\Personal Projects\Hairstyle Recommender Live Tryon\backend\data\raw\celeba\img_align_celeba\img_align_celeba\000898.jpg,D:\Projects\Personal Projects\Hairstyle Recommender Live Tryon\backend\data\datasets\celeba_hair_rich\segmentation_masks\000898_hair_mask.png,D:\Projects\Personal Projects\Hairstyle Recommender Live Tryon\backend\data\processed\celeba_full_hair_assets\images\celeba_full_hair_000068.png,D:\Projects\Personal Projects\Hairstyle Recommender Live Tryon\backend\data\processed\celeba_full_hair_assets\masks\celeba_full_hair_000068_mask.png,train,male,1.0,high,['usable_candidate'],"{'positive_pixels': 7949, 'coverage_ratio': 0.20485, 'bbox_x': 18, 'bbox_y': 10, 'bbox_width': 133, 'bbox_height': 137}","{'component_count': 1, 'largest_component_pixels': 7949, 'secondary_component_pixels': 0, 'stray_pixels': 0, 'stray_ratio': 0.0}","{'top_band_coverage': 0.155287, 'top_band_span_ratio': 0.47191, 'side_bias_ratio': 0.153353, 'outer_side_ratio': 0.092087, 'top_rows_with_pixels': 29}","{'left': 0, 'top': 0, 'right': 172, 'bottom': 157}","{'width': 172, 'height': 157}","{'positive_fields': ['Male', 'Straight_Hair'], 'color_hint': None, 'texture_hint': 'Straight_Hair', 'bangs_hint': False, 'male_hint': True, 'receding_hairline_hint': False}","{'status': 'seed_from_celeba_attributes', 'taxonomy_source': 'CelebA_native_attributes', 'normalized_attributes': {'length': None, 'curl': None, 'bang': None, 'volume': None, 'side_hair': None, 'color': None, 'style_family': None}, 'notes': ''}",1.0,['full_hair_candidate'],True,"{'keep': 'yes', 'notes': 'codex_visual_review'}","{'status': 'reviewed_render_safe_keep', 'source': 'manual_render_review'}"
celeba_full_hair_000072,CelebA_full_hair,001176.jpg,D:\Projects\Personal Projects\Hairstyle Recommender Live Tryon\backend\data\raw\celeba\img_align_celeba\img_align_celeba\001176.jpg,D:\Projects\Personal Projects\Hairstyle Recommender Live Tryon\backend\data\datasets\celeba_hair_rich\segmentation_masks\001176_hair_mask.png,D:\Projects\Personal Projects\Hairstyle Recommender Live Tryon\backend\data\processed\celeba_full_hair_assets\images\celeba_full_hair_000072.png,D:\Projects\Personal Projects\Hairstyle Recommender Live Tryon\backend\data\processed\celeba_full_hair_assets\masks\celeba_full_hair_000072_mask.png,train,female,1.0,high,['usable_candidate'],"{'positive_pixels': 7970, 'coverage_ratio': 0.205391, 'bbox_x': 24, 'bbox_y': 7, 'bbox_width': 132, 'bbox_height': 134}","{'component_count': 1, 'largest_component_pixels': 7970, 'secondary_component_pixels': 0, 'stray_pixels': 0, 'stray_ratio': 0.0}","{'top_band_coverage': 0.344857, 'top_band_span_ratio': 0.623596, 'side_bias_ratio': 0.022083, 'outer_side_ratio': 0.098118, 'top_rows_with_pixels': 32}","{'left': 3, 'top': 0, 'right': 177, 'bottom': 151}","{'width': 174, 'height': 151}","{'positive_fields': ['Blond_Hair'], 'color_hint': 'Blond_Hair', 'texture_hint': None, 'bangs_hint': False, 'male_hint': False, 'receding_hairline_hint': False}","{'status': 'seed_from_celeba_attributes', 'taxonomy_source': 'CelebA_native_attributes', 'normalized_attributes': {'length': None, 'curl': None, 'bang': None, 'volume': None, 'side_hair': None, 'color': None, 'style_family': None}, 'notes': ''}",1.0,['full_hair_candidate'],True,"{'keep': 'yes', 'notes': 'codex_visual_review'}","{'status': 'reviewed_render_safe_keep', 'source': 'manual_render_review'}"
celeba_full_hair_000073,CelebA_full_hair,001260.jpg,D:\Projects\Personal Projects\Hairstyle Recommender Live Tryon\backend\data\raw\celeba\img_align_celeba\img_align_celeba\001260.jpg,D:\Projects\Personal Projects\Hairstyle Recommender Live Tryon\backend\data\datasets\celeba_hair_rich\segmentation_masks\001260_hair_mask.png,D:\Projects\Personal Projects\Hairstyle Recommender Live Tryon\backend\data\processed\celeba_full_hair_assets\images\celeba_full_hair_000073.png,D:\Projects\Personal Projects\Hairstyle Recommender Live Tryon\backend\data\processed\celeba_full_hair_assets\masks\celeba_full_hair_000073_mask.png,train,male,1.0,high,['usable_candidate'],"{'positive_pixels': 8804, 'coverage_ratio': 0.226884, 'bbox_x': 35, 'bbox_y': 14, 'bbox_width': 141, 'bbox_height': 154}","{'component_count': 1, 'largest_component_pixels': 8804, 'secondary_component_pixels': 0, 'stray_pixels': 0, 'stray_ratio': 0.0}","{'top_band_coverage': 0.237396, 'top_band_span_ratio': 0.58427, 'side_bias_ratio': 0.355747, 'outer_side_ratio': 0.258178, 'top_rows_with_pixels': 25}","{'left': 13, 'top': 0, 'right': 178, 'bottom': 180}","{'width': 165, 'height': 180}","{'positive_fields': ['Male', 'Brown_Hair', 'Wavy_Hair'], 'color_hint': 'Brown_Hair', 'texture_hint': 'Wavy_Hair', 'bangs_hint': False, 'male_hint': True, 'receding_hairline_hint': False}","{'status': 'seed_from_celeba_attributes', 'taxonomy_source': 'CelebA_native_attributes', 'normalized_attributes': {'length': None, 'curl': None, 'bang': None, 'volume': None, 'side_hair': None, 'color': None, 'style_family': None}, 'notes': ''}",1.0,['full_hair_candidate'],True,"{'keep': 'yes', 'notes': 'codex_visual_review'}","{'status': 'reviewed_render_safe_keep', 'source': 'manual_render_review'}"
celeba_full_hair_000076,CelebA_full_hair,001409.jpg,D:\Projects\Personal Projects\Hairstyle Recommender Live Tryon\backend\data\raw\celeba\img_align_celeba\img_align_celeba\001409.jpg,D:\Projects\Personal Projects\Hairstyle Recommender Live Tryon\backend\data\datasets\celeba_hair_rich\segmentation_masks\001409_hair_mask.png,D:\Projects\Personal Projects\Hairstyle Recommender Live Tryon\backend\data\processed\celeba_full_hair_assets\images\celeba_full_hair_000076.png,D:\Projects\Personal Projects\Hairstyle Recommender Live Tryon\backend\data\processed\celeba_full_hair_assets\masks\celeba_full_hair_000076_mask.png,train,female,1.0,high,['usable_candidate'],"{'positive_pixels': 9285, 'coverage_ratio': 0.239279, 'bbox_x': 29, 'bbox_y': 17, 'bbox_width': 141, 'bbox_height': 158}","{'component_count': 1, 'largest_component_pixels': 9285, 'secondary_component_pixels': 0, 'stray_pixels': 0, 'stray_ratio': 0.0}","{'top_band_coverage': 0.173005, 'top_band_span_ratio': 0.460674, 'side_bias_ratio': 0.248681, 'outer_side_ratio': 0.237911, 'top_rows_with_pixels': 22}","{'left': 7, 'top': 0, 'right': 178, 'bottom': 187}","{'width': 171, 'height': 187}","{'positive_fields': ['Blond_Hair'], 'color_hint': 'Blond_Hair', 'texture_hint': None, 'bangs_hint': False, 'male_hint': False, 'receding_hairline_hint': False}","{'status': 'seed_from_celeba_attributes', 'taxonomy_source': 'CelebA_native_attributes', 'normalized_attributes': {'length': None, 'curl': None, 'bang': None, 'volume': None, 'side_hair': None, 'color': None, 'style_family': None}, 'notes': ''}",1.0,['full_hair_candidate'],True,"{'keep': 'yes', 'notes': 'codex_visual_review'}","{'status': 'reviewed_render_safe_keep', 'source': 'manual_render_review'}"
celeba_full_hair_000077,CelebA_full_hair,001453.jpg,D:\Projects\Personal Projects\Hairstyle Recommender Live Tryon\backend\data\raw\celeba\img_align_celeba\img_align_celeba\001453.jpg,D:\Projects\Personal Projects\Hairstyle Recommender Live Tryon\backend\data\datasets\celeba_hair_rich\segmentation_masks\001453_hair_mask.png,D:\Projects\Personal Projects\Hairstyle Recommender Live Tryon\backend\data\processed\celeba_full_hair_assets\images\celeba_full_hair_000077.png,D:\Projects\Personal Projects\Hairstyle Recommender Live Tryon\backend\data\processed\celeba_full_hair_assets\masks\celeba_full_hair_000077_mask.png,train,male,1.0,high,['usable_candidate'],"{'positive_pixels': 9319, 'coverage_ratio': 0.240156, 'bbox_x': 22, 'bbox_y': 4, 'bbox_width': 138, 'bbox_height': 141}","{'component_count': 1, 'largest_component_pixels': 9319, 'secondary_component_pixels': 0, 'stray_pixels': 0, 'stray_ratio': 0.0}","{'top_band_coverage': 0.404206, 'top_band_span_ratio': 0.668539, 'side_bias_ratio': 0.026505, 'outer_side_ratio': 0.154308, 'top_rows_with_pixels': 35}","{'left': 0, 'top': 0, 'right': 178, 'bottom': 156}","{'width': 178, 'height': 156}","{'positive_fields': ['Male', 'Wavy_Hair'], 'color_hint': None, 'texture_hint': 'Wavy_Hair', 'bangs_hint': False, 'male_hint': True, 'receding_hairline_hint': False}","{'status': 'seed_from_celeba_attributes', 'taxonomy_source': 'CelebA_native_attributes', 'normalized_attributes': {'length': None, 'curl': None, 'bang': None, 'volume': None, 'side_hair': None, 'color': None, 'style_family': None}, 'notes': ''}",1.0,['full_hair_candidate'],True,"{'keep': 'yes', 'notes': 'codex_visual_review'}","{'status': 'reviewed_render_safe_keep', 'source': 'manual_render_review'}"
celeba_full_hair_000078,CelebA_full_hair,001491.jpg,D:\Projects\Personal Projects\Hairstyle Recommender Live Tryon\backend\data\raw\celeba\img_align_celeba\img_align_celeba\001491.jpg,D:\Projects\Personal Projects\Hairstyle Recommender Live Tryon\backend\data\datasets\celeba_hair_rich\segmentation_masks\001491_hair_mask.png,D:\Projects\Personal Projects\Hairstyle Recommender Live Tryon\backend\data\processed\celeba_full_hair_assets\images\celeba_full_hair_000078.png,D:\Projects\Personal Projects\Hairstyle Recommender Live Tryon\backend\data\processed\celeba_full_hair_assets\masks\celeba_full_hair_000078_mask.png,train,female,1.0,high,['usable_candidate'],"{'positive_pixels': 14167, 'coverage_ratio': 0.365091, 'bbox_x': 10, 'bbox_y': 14, 'bbox_width': 142, 'bbox_height': 184}","{'component_count': 1, 'largest_component_pixels': 14167, 'secondary_component_pixels': 0, 'stray_pixels': 0, 'stray_ratio': 0.0}","{'top_band_coverage': 0.226448, 'top_band_span_ratio': 0.511236, 'side_bias_ratio': 0.180913, 'outer_side_ratio': 0.140961, 'top_rows_with_pixels': 25}","{'left': 0, 'top': 0, 'right': 174, 'bottom': 212}","{'width': 174, 'height': 212}","{'positive_fields': ['Bangs', 'Brown_Hair', 'Straight_Hair'], 'color_hint': 'Brown_Hair', 'texture_hint': 'Straight_Hair', 'bangs_hint': True, 'male_hint': False, 'receding_hairline_hint': False}","{'status': 'seed_from_celeba_attributes', 'taxonomy_source': 'CelebA_native_attributes', 'normalized_attributes': {'length': None, 'curl': None, 'bang': None, 'volume': None, 'side_hair': None, 'color': None, 'style_family': None}, 'notes': ''}",1.0,['full_hair_candidate'],True,"{'keep': 'yes', 'notes': 'codex_visual_review'}","{'status': 'reviewed_render_safe_keep', 'source': 'manual_render_review'}"
celeba_full_hair_000079,CelebA_full_hair,001507.jpg,D:\Projects\Personal Projects\Hairstyle Recommender Live Tryon\backend\data\raw\celeba\img_align_celeba\img_align_celeba\001507.jpg,D:\Projects\Personal Projects\Hairstyle Recommender Live Tryon\backend\data\datasets\celeba_hair_rich\segmentation_masks\001507_hair_mask.png,D:\Projects\Personal Projects\Hairstyle Recommender Live Tryon\backend\data\processed\celeba_full_hair_assets\images\celeba_full_hair_000079.png,D:\Projects\Personal Projects\Hairstyle Recommender Live Tryon\backend\data\processed\celeba_full_hair_assets\masks\celeba_full_hair_000079_mask.png,train,female,1.0,high,['usable_candidate'],"{'positive_pixels': 10765, 'coverage_ratio': 0.27742, 'bbox_x': 19, 'bbox_y': 8, 'bbox_width': 137, 'bbox_height': 144}","{'component_count': 1, 'largest_component_pixels': 10765, 'secondary_component_pixels': 0, 'stray_pixels': 0, 'stray_ratio': 0.0}","{'top_band_coverage': 0.39153, 'top_band_span_ratio': 0.674157, 'side_bias_ratio': 0.232884, 'outer_side_ratio': 0.09856, 'top_rows_with_pixels': 31}","{'left': 0, 'top': 0, 'right': 177, 'bottom': 163}","{'width': 177, 'height': 163}","{'positive_fields': ['Bangs', 'Blond_Hair', 'Straight_Hair'], 'color_hint': 'Blond_Hair', 'texture_hint': 'Straight_Hair', 'bangs_hint': True, 'male_hint': False, 'receding_hairline_hint': False}","{'status': 'seed_from_celeba_attributes', 'taxonomy_source': 'CelebA_native_attributes', 'normalized_attributes': {'length': None, 'curl': None, 'bang': None, 'volume': None, 'side_hair': None, 'color': None, 'style_family': None}, 'notes': ''}",1.0,['full_hair_candidate'],True,"{'keep': 'yes', 'notes': 'codex_visual_review'}","{'status': 'reviewed_render_safe_keep', 'source': 'manual_render_review'}"
celeba_full_hair_000080,CelebA_full_hair,001514.jpg,D:\Projects\Personal Projects\Hairstyle Recommender Live Tryon\backend\data\raw\celeba\img_align_celeba\img_align_celeba\001514.jpg,D:\Projects\Personal Projects\Hairstyle Recommender Live Tryon\backend\data\datasets\celeba_hair_rich\segmentation_masks\001514_hair_mask.png,D:\Projects\Personal Projects\Hairstyle Recommender Live Tryon\backend\data\processed\celeba_full_hair_assets\images\celeba_full_hair_000080.png,D:\Projects\Personal Projects\Hairstyle Recommender Live Tryon\backend\data\processed\celeba_full_hair_assets\masks\celeba_full_hair_000080_mask.png,train,male,1.0,high,['usable_candidate'],"{'positive_pixels': 9370, 'coverage_ratio': 0.24147, 'bbox_x': 42, 'bbox_y': 14, 'bbox_width': 130, 'bbox_height': 125}","{'component_count': 1, 'largest_component_pixels': 9370, 'secondary_component_pixels': 0, 'stray_pixels': 0, 'stray_ratio': 0.0}","{'top_band_coverage': 0.235811, 'top_band_span_ratio': 0.516854, 'side_bias_ratio': 0.280896, 'outer_side_ratio': 0.161686, 'top_rows_with_pixels': 25}","{'left': 22, 'top': 0, 'right': 178, 'bottom': 149}","{'width': 156, 'height': 149}","{'positive_fields': ['Male', 'Bangs', 'Black_Hair', 'Straight_Hair'], 'color_hint': 'Black_Hair', 'texture_hint': 'Straight_Hair', 'bangs_hint': True, 'male_hint': True, 'receding_hairline_hint': False}","{'status': 'seed_from_celeba_attributes', 'taxonomy_source': 'CelebA_native_attributes', 'normalized_attributes': {'length': None, 'curl': None, 'bang': None, 'volume': None, 'side_hair': None, 'color': None, 'style_family': None}, 'notes': ''}",1.0,['full_hair_candidate'],True,"{'keep': 'yes', 'notes': 'codex_visual_review'}","{'status': 'reviewed_render_safe_keep', 'source': 'manual_render_review'}"
celeba_full_hair_000081,CelebA_full_hair,001551.jpg,D:\Projects\Personal Projects\Hairstyle Recommender Live Tryon\backend\data\raw\celeba\img_align_celeba\img_align_celeba\001551.jpg,D:\Projects\Personal Projects\Hairstyle Recommender Live Tryon\backend\data\datasets\celeba_hair_rich\segmentation_masks\001551_hair_mask.png,D:\Projects\Personal Projects\Hairstyle Recommender Live Tryon\backend\data\processed\celeba_full_hair_assets\images\celeba_full_hair_000081.png,D:\Projects\Personal Projects\Hairstyle Recommender Live Tryon\backend\data\processed\celeba_full_hair_assets\masks\celeba_full_hair_000081_mask.png,train,female,1.0,high,['usable_candidate'],"{'positive_pixels': 11998, 'coverage_ratio': 0.309195, 'bbox_x': 8, 'bbox_y': 13, 'bbox_width': 142, 'bbox_height': 142}","{'component_count': 1, 'largest_component_pixels': 11998, 'secondary_component_pixels': 0, 'stray_pixels': 0, 'stray_ratio': 0.0}","{'top_band_coverage': 0.264621, 'top_band_span_ratio': 0.561798, 'side_bias_ratio': 0.22087, 'outer_side_ratio': 0.141607, 'top_rows_with_pixels': 26}","{'left': 0, 'top': 0, 'right': 172, 'bottom': 166}","{'width': 172, 'height': 166}","{'positive_fields': ['Bangs'], 'color_hint': None, 'texture_hint': None, 'bangs_hint': True, 'male_hint': False, 'receding_hairline_hint': False}","{'status': 'seed_from_celeba_attributes', 'taxonomy_source': 'CelebA_native_attributes', 'normalized_attributes': {'length': None, 'curl': None, 'bang': None, 'volume': None, 'side_hair': None, 'color': None, 'style_family': None}, 'notes': ''}",1.0,['full_hair_candidate'],True,"{'keep': 'yes', 'notes': 'codex_visual_review'}","{'status': 'reviewed_render_safe_keep', 'source': 'manual_render_review'}"
celeba_full_hair_000082,CelebA_full_hair,001589.jpg,D:\Projects\Personal Projects\Hairstyle Recommender Live Tryon\backend\data\raw\celeba\img_align_celeba\img_align_celeba\001589.jpg,D:\Projects\Personal Projects\Hairstyle Recommender Live Tryon\backend\data\datasets\celeba_hair_rich\segmentation_masks\001589_hair_mask.png,D:\Projects\Personal Projects\Hairstyle Recommender Live Tryon\backend\data\processed\celeba_full_hair_assets\images\celeba_full_hair_000082.png,D:\Projects\Personal Projects\Hairstyle Recommender Live Tryon\backend\data\processed\celeba_full_hair_assets\masks\celeba_full_hair_000082_mask.png,train,male,1.0,high,['usable_candidate'],"{'positive_pixels': 8250, 'coverage_ratio': 0.212607, 'bbox_x': 22, 'bbox_y': 9, 'bbox_width': 132, 'bbox_height': 136}","{'component_count': 1, 'largest_component_pixels': 8250, 'secondary_component_pixels': 0, 'stray_pixels': 0, 'stray_ratio': 0.0}","{'top_band_coverage': 0.253097, 'top_band_span_ratio': 0.578652, 'side_bias_ratio': 0.010182, 'outer_side_ratio': 0.101939, 'top_rows_with_pixels': 30}","{'left': 1, 'top': 0, 'right': 175, 'bottom': 155}","{'width': 174, 'height': 155}","{'positive_fields': ['Male', 'Blond_Hair', 'Wavy_Hair'], 'color_hint': 'Blond_Hair', 'texture_hint': 'Wavy_Hair', 'bangs_hint': False, 'male_hint': True, 'receding_hairline_hint': False}","{'status': 'seed_from_celeba_attributes', 'taxonomy_source': 'CelebA_native_attributes', 'normalized_attributes': {'length': None, 'curl': None, 'bang': None, 'volume': None, 'side_hair': None, 'color': None, 'style_family': None}, 'notes': ''}",1.0,['full_hair_candidate'],True,"{'keep': 'yes', 'notes': 'codex_visual_review'}","{'status': 'reviewed_render_safe_keep', 'source': 'manual_render_review'}"
celeba_full_hair_000084,CelebA_full_hair,001666.jpg,D:\Projects\Personal Projects\Hairstyle Recommender Live Tryon\backend\data\raw\celeba\img_align_celeba\img_align_celeba\001666.jpg,D:\Projects\Personal Projects\Hairstyle Recommender Live Tryon\backend\data\datasets\celeba_hair_rich\segmentation_masks\001666_hair_mask.png,D:\Projects\Personal Projects\Hairstyle Recommender Live Tryon\backend\data\processed\celeba_full_hair_assets\images\celeba_full_hair_000084.png,D:\Projects\Personal Projects\Hairstyle Recommender Live Tryon\backend\data\processed\celeba_full_hair_assets\masks\celeba_full_hair_000084_mask.png,train,male,1.0,high,['usable_candidate'],"{'positive_pixels': 7403, 'coverage_ratio': 0.190779, 'bbox_x': 20, 'bbox_y': 9, 'bbox_width': 134, 'bbox_height': 144}","{'component_count': 1, 'largest_component_pixels': 7403, 'secondary_component_pixels': 0, 'stray_pixels': 0, 'stray_ratio': 0.0}","{'top_band_coverage': 0.323538, 'top_band_span_ratio': 0.651685, 'side_bias_ratio': 0.012022, 'outer_side_ratio': 0.08375, 'top_rows_with_pixels': 30}","{'left': 0, 'top': 0, 'right': 175, 'bottom': 164}","{'width': 175, 'height': 164}","{'positive_fields': ['Male', 'Black_Hair'], 'color_hint': 'Black_Hair', 'texture_hint': None, 'bangs_hint': False, 'male_hint': True, 'receding_hairline_hint': False}","{'status': 'seed_from_celeba_attributes', 'taxonomy_source': 'CelebA_native_attributes', 'normalized_attributes': {'length': None, 'curl': None, 'bang': None, 'volume': None, 'side_hair': None, 'color': None, 'style_family': None}, 'notes': ''}",1.0,['full_hair_candidate'],True,"{'keep': 'yes', 'notes': 'codex_visual_review'}","{'status': 'reviewed_render_safe_keep', 'source': 'manual_render_review'}"
celeba_full_hair_000087,CelebA_full_hair,001730.jpg,D:\Projects\Personal Projects\Hairstyle Recommender Live Tryon\backend\data\raw\celeba\img_align_celeba\img_align_celeba\001730.jpg,D:\Projects\Personal Projects\Hairstyle Recommender Live Tryon\backend\data\datasets\celeba_hair_rich\segmentation_masks\001730_hair_mask.png,D:\Projects\Personal Projects\Hairstyle Recommender Live Tryon\backend\data\processed\celeba_full_hair_assets\images\celeba_full_hair_000087.png,D:\Projects\Personal Projects\Hairstyle Recommender Live Tryon\backend\data\processed\celeba_full_hair_assets\masks\celeba_full_hair_000087_mask.png,train,male,1.0,high,['usable_candidate'],"{'positive_pixels': 8900, 'coverage_ratio': 0.229358, 'bbox_x': 10, 'bbox_y': 6, 'bbox_width': 135, 'bbox_height': 173}","{'component_count': 1, 'largest_component_pixels': 8900, 'secondary_component_pixels': 0, 'stray_pixels': 0, 'stray_ratio': 0.0}","{'top_band_coverage': 0.339095, 'top_band_span_ratio': 0.58427, 'side_bias_ratio': 0.326517, 'outer_side_ratio': 0.234045, 'top_rows_with_pixels': 33}","{'left': 0, 'top': 0, 'right': 166, 'bottom': 192}","{'width': 166, 'height': 192}","{'positive_fields': ['Male', 'Black_Hair', 'Wavy_Hair', 'Receding_Hairline'], 'color_hint': 'Black_Hair', 'texture_hint': 'Wavy_Hair', 'bangs_hint': False, 'male_hint': True, 'receding_hairline_hint': True}","{'status': 'seed_from_celeba_attributes', 'taxonomy_source': 'CelebA_native_attributes', 'normalized_attributes': {'length': None, 'curl': None, 'bang': None, 'volume': None, 'side_hair': None, 'color': None, 'style_family': None}, 'notes': ''}",1.0,['full_hair_candidate'],True,"{'keep': 'yes', 'notes': 'codex_visual_review'}","{'status': 'reviewed_render_safe_keep', 'source': 'manual_render_review'}"
celeba_full_hair_000088,CelebA_full_hair,001815.jpg,D:\Projects\Personal Projects\Hairstyle Recommender Live Tryon\backend\data\raw\celeba\img_align_celeba\img_align_celeba\001815.jpg,D:\Projects\Personal Projects\Hairstyle Recommender Live Tryon\backend\data\datasets\celeba_hair_rich\segmentation_masks\001815_hair_mask.png,D:\Projects\Personal Projects\Hairstyle Recommender Live Tryon\backend\data\processed\celeba_full_hair_assets\images\celeba_full_hair_000088.png,D:\Projects\Personal Projects\Hairstyle Recommender Live Tryon\backend\data\processed\celeba_full_hair_assets\masks\celeba_full_hair_000088_mask.png,train,male,1.0,high,['usable_candidate'],"{'positive_pixels': 9395, 'coverage_ratio': 0.242114, 'bbox_x': 11, 'bbox_y': 8, 'bbox_width': 136, 'bbox_height': 150}","{'component_count': 1, 'largest_component_pixels': 9395, 'secondary_component_pixels': 0, 'stray_pixels': 0, 'stray_ratio': 0.0}","{'top_band_coverage': 0.381014, 'top_band_span_ratio': 0.691011, 'side_bias_ratio': 0.223842, 'outer_side_ratio': 0.185311, 'top_rows_with_pixels': 31}","{'left': 0, 'top': 0, 'right': 168, 'bottom': 170}","{'width': 168, 'height': 170}","{'positive_fields': ['Male', 'Black_Hair'], 'color_hint': 'Black_Hair', 'texture_hint': None, 'bangs_hint': False, 'male_hint': True, 'receding_hairline_hint': False}","{'status': 'seed_from_celeba_attributes', 'taxonomy_source': 'CelebA_native_attributes', 'normalized_attributes': {'length': None, 'curl': None, 'bang': None, 'volume': None, 'side_hair': None, 'color': None, 'style_family': None}, 'notes': ''}",1.0,['full_hair_candidate'],True,"{'keep': 'yes', 'notes': 'codex_visual_review'}","{'status': 'reviewed_render_safe_keep', 'source': 'manual_render_review'}"
celeba_full_hair_000090,CelebA_full_hair,001893.jpg,D:\Projects\Personal Projects\Hairstyle Recommender Live Tryon\backend\data\raw\celeba\img_align_celeba\img_align_celeba\001893.jpg,D:\Projects\Personal Projects\Hairstyle Recommender Live Tryon\backend\data\datasets\celeba_hair_rich\segmentation_masks\001893_hair_mask.png,D:\Projects\Personal Projects\Hairstyle Recommender Live Tryon\backend\data\processed\celeba_full_hair_assets\images\celeba_full_hair_000090.png,D:\Projects\Personal Projects\Hairstyle Recommender Live Tryon\backend\data\processed\celeba_full_hair_assets\masks\celeba_full_hair_000090_mask.png,train,male,1.0,high,['usable_candidate'],"{'positive_pixels': 9299, 'coverage_ratio': 0.23964, 'bbox_x': 28, 'bbox_y': 8, 'bbox_width': 140, 'bbox_height': 165}","{'component_count': 1, 'largest_component_pixels': 9299, 'secondary_component_pixels': 0, 'stray_pixels': 0, 'stray_ratio': 0.0}","{'top_band_coverage': 0.299049, 'top_band_span_ratio': 0.573034, 'side_bias_ratio': 0.271319, 'outer_side_ratio': 0.181202, 'top_rows_with_pixels': 31}","{'left': 6, 'top': 0, 'right': 178, 'bottom': 186}","{'width': 172, 'height': 186}","{'positive_fields': ['Male', 'Black_Hair'], 'color_hint': 'Black_Hair', 'texture_hint': None, 'bangs_hint': False, 'male_hint': True, 'receding_hairline_hint': False}","{'status': 'seed_from_celeba_attributes', 'taxonomy_source': 'CelebA_native_attributes', 'normalized_attributes': {'length': None, 'curl': None, 'bang': None, 'volume': None, 'side_hair': None, 'color': None, 'style_family': None}, 'notes': ''}",1.0,['full_hair_candidate'],True,"{'keep': 'yes', 'notes': 'codex_visual_review'}","{'status': 'reviewed_render_safe_keep', 'source': 'manual_render_review'}"
celeba_full_hair_000091,CelebA_full_hair,001898.jpg,D:\Projects\Personal Projects\Hairstyle Recommender Live Tryon\backend\data\raw\celeba\img_align_celeba\img_align_celeba\001898.jpg,D:\Projects\Personal Projects\Hairstyle Recommender Live Tryon\backend\data\datasets\celeba_hair_rich\segmentation_masks\001898_hair_mask.png,D:\Projects\Personal Projects\Hairstyle Recommender Live Tryon\backend\data\processed\celeba_full_hair_assets\images\celeba_full_hair_000091.png,D:\Projects\Personal Projects\Hairstyle Recommender Live Tryon\backend\data\processed\celeba_full_hair_assets\masks\celeba_full_hair_000091_mask.png,train,female,1.0,high,['usable_candidate'],"{'positive_pixels': 14775, 'coverage_ratio': 0.38076, 'bbox_x': 7, 'bbox_y': 17, 'bbox_width': 163, 'bbox_height': 192}","{'component_count': 1, 'largest_component_pixels': 14775, 'secondary_component_pixels': 0, 'stray_pixels': 0, 'stray_ratio': 0.0}","{'top_band_coverage': 0.216796, 'top_band_span_ratio': 0.52809, 'side_bias_ratio': 0.064772, 'outer_side_ratio': 0.276142, 'top_rows_with_pixels': 22}","{'left': 0, 'top': 0, 'right': 178, 'bottom': 218}","{'width': 178, 'height': 218}","{'positive_fields': ['Bangs', 'Wavy_Hair'], 'color_hint': None, 'texture_hint': 'Wavy_Hair', 'bangs_hint': True, 'male_hint': False, 'receding_hairline_hint': False}","{'status': 'seed_from_celeba_attributes', 'taxonomy_source': 'CelebA_native_attributes', 'normalized_attributes': {'length': None, 'curl': None, 'bang': None, 'volume': None, 'side_hair': None, 'color': None, 'style_family': None}, 'notes': ''}",1.0,['full_hair_candidate'],True,"{'keep': 'yes', 'notes': 'codex_visual_review'}","{'status': 'reviewed_render_safe_keep', 'source': 'manual_render_review'}"
celeba_full_hair_000097,CelebA_full_hair,002151.jpg,D:\Projects\Personal Projects\Hairstyle Recommender Live Tryon\backend\data\raw\celeba\img_align_celeba\img_align_celeba\002151.jpg,D:\Projects\Personal Projects\Hairstyle Recommender Live Tryon\backend\data\datasets\celeba_hair_rich\segmentation_masks\002151_hair_mask.png,D:\Projects\Personal Projects\Hairstyle Recommender Live Tryon\backend\data\processed\celeba_full_hair_assets\images\celeba_full_hair_000097.png,D:\Projects\Personal Projects\Hairstyle Recommender Live Tryon\backend\data\processed\celeba_full_hair_assets\masks\celeba_full_hair_000097_mask.png,train,male,1.0,high,['usable_candidate'],"{'positive_pixels': 7069, 'coverage_ratio': 0.182172, 'bbox_x': 29, 'bbox_y': 17, 'bbox_width': 133, 'bbox_height': 174}","{'component_count': 1, 'largest_component_pixels': 7069, 'secondary_component_pixels': 0, 'stray_pixels': 0, 'stray_ratio': 0.0}","{'top_band_coverage': 0.150389, 'top_band_span_ratio': 0.41573, 'side_bias_ratio': 0.113595, 'outer_side_ratio': 0.159428, 'top_rows_with_pixels': 22}","{'left': 8, 'top': 0, 'right': 178, 'bottom': 204}","{'width': 170, 'height': 204}","{'positive_fields': ['Male', 'Brown_Hair', 'Wavy_Hair', 'Receding_Hairline'], 'color_hint': 'Brown_Hair', 'texture_hint': 'Wavy_Hair', 'bangs_hint': False, 'male_hint': True, 'receding_hairline_hint': True}","{'status': 'seed_from_celeba_attributes', 'taxonomy_source': 'CelebA_native_attributes', 'normalized_attributes': {'length': None, 'curl': None, 'bang': None, 'volume': None, 'side_hair': None, 'color': None, 'style_family': None}, 'notes': ''}",1.0,['full_hair_candidate'],True,"{'keep': 'yes', 'notes': 'codex_visual_review'}","{'status': 'reviewed_render_safe_keep', 'source': 'manual_render_review'}"
celeba_full_hair_000098,CelebA_full_hair,002233.jpg,D:\Projects\Personal Projects\Hairstyle Recommender Live Tryon\backend\data\raw\celeba\img_align_celeba\img_align_celeba\002233.jpg,D:\Projects\Personal Projects\Hairstyle Recommender Live Tryon\backend\data\datasets\celeba_hair_rich\segmentation_masks\002233_hair_mask.png,D:\Projects\Personal Projects\Hairstyle Recommender Live Tryon\backend\data\processed\celeba_full_hair_assets\images\celeba_full_hair_000098.png,D:\Projects\Personal Projects\Hairstyle Recommender Live Tryon\backend\data\processed\celeba_full_hair_assets\masks\celeba_full_hair_000098_mask.png,train,female,1.0,high,['usable_candidate'],"{'positive_pixels': 9378, 'coverage_ratio': 0.241676, 'bbox_x': 33, 'bbox_y': 16, 'bbox_width': 134, 'bbox_height': 176}","{'component_count': 1, 'largest_component_pixels': 9378, 'secondary_component_pixels': 0, 'stray_pixels': 0, 'stray_ratio': 0.0}","{'top_band_coverage': 0.200951, 'top_band_span_ratio': 0.488764, 'side_bias_ratio': 0.339731, 'outer_side_ratio': 0.179143, 'top_rows_with_pixels': 23}","{'left': 12, 'top': 0, 'right': 178, 'bottom': 206}","{'width': 166, 'height': 206}","{'positive_fields': ['Black_Hair', 'Straight_Hair'], 'color_hint': 'Black_Hair', 'texture_hint': 'Straight_Hair', 'bangs_hint': False, 'male_hint': False, 'receding_hairline_hint': False}","{'status': 'seed_from_celeba_attributes', 'taxonomy_source': 'CelebA_native_attributes', 'normalized_attributes': {'length': None, 'curl': None, 'bang': None, 'volume': None, 'side_hair': None, 'color': None, 'style_family': None}, 'notes': ''}",1.0,['full_hair_candidate'],True,"{'keep': 'yes', 'notes': 'codex_visual_review'}","{'status': 'reviewed_render_safe_keep', 'source': 'manual_render_review'}"
celeba_full_hair_000099,CelebA_full_hair,002254.jpg,D:\Projects\Personal Projects\Hairstyle Recommender Live Tryon\backend\data\raw\celeba\img_align_celeba\img_align_celeba\002254.jpg,D:\Projects\Personal Projects\Hairstyle Recommender Live Tryon\backend\data\datasets\celeba_hair_rich\segmentation_masks\002254_hair_mask.png,D:\Projects\Personal Projects\Hairstyle Recommender Live Tryon\backend\data\processed\celeba_full_hair_assets\images\celeba_full_hair_000099.png,D:\Projects\Personal Projects\Hairstyle Recommender Live Tryon\backend\data\processed\celeba_full_hair_assets\masks\celeba_full_hair_000099_mask.png,train,female,1.0,high,['usable_candidate'],"{'positive_pixels': 9748, 'coverage_ratio': 0.251211, 'bbox_x': 17, 'bbox_y': 16, 'bbox_width': 139, 'bbox_height': 153}","{'component_count': 1, 'largest_component_pixels': 9748, 'secondary_component_pixels': 0, 'stray_pixels': 0, 'stray_ratio': 0.0}","{'top_band_coverage': 0.195333, 'top_band_span_ratio': 0.488764, 'side_bias_ratio': 0.24682, 'outer_side_ratio': 0.145876, 'top_rows_with_pixels': 23}","{'left': 0, 'top': 0, 'right': 178, 'bottom': 181}","{'width': 178, 'height': 181}","{'positive_fields': ['Blond_Hair'], 'color_hint': 'Blond_Hair', 'texture_hint': None, 'bangs_hint': False, 'male_hint': False, 'receding_hairline_hint': False}","{'status': 'seed_from_celeba_attributes', 'taxonomy_source': 'CelebA_native_attributes', 'normalized_attributes': {'length': None, 'curl': None, 'bang': None, 'volume': None, 'side_hair': None, 'color': None, 'style_family': None}, 'notes': ''}",1.0,['full_hair_candidate'],True,"{'keep': 'yes', 'notes': 'codex_visual_review'}","{'status': 'reviewed_render_safe_keep', 'source': 'manual_render_review'}"
celeba_full_hair_000100,CelebA_full_hair,002258.jpg,D:\Projects\Personal Projects\Hairstyle Recommender Live Tryon\backend\data\raw\celeba\img_align_celeba\img_align_celeba\002258.jpg,D:\Projects\Personal Projects\Hairstyle Recommender Live Tryon\backend\data\datasets\celeba_hair_rich\segmentation_masks\002258_hair_mask.png,D:\Projects\Personal Projects\Hairstyle Recommender Live Tryon\backend\data\processed\celeba_full_hair_assets\images\celeba_full_hair_000100.png,D:\Projects\Personal Projects\Hairstyle Recommender Live Tryon\backend\data\processed\celeba_full_hair_assets\masks\celeba_full_hair_000100_mask.png,train,female,1.0,high,['usable_candidate'],"{'positive_pixels': 7488, 'coverage_ratio': 0.19297, 'bbox_x': 23, 'bbox_y': 16, 'bbox_width': 126, 'bbox_height': 199}","{'component_count': 1, 'largest_component_pixels': 7488, 'secondary_component_pixels': 0, 'stray_pixels': 0, 'stray_ratio': 0.0}","{'top_band_coverage': 0.184817, 'top_band_span_ratio': 0.460674, 'side_bias_ratio': 0.229701, 'outer_side_ratio': 0.080128, 'top_rows_with_pixels': 23}","{'left': 3, 'top': 0, 'right': 169, 'bottom': 218}","{'width': 166, 'height': 218}","{'positive_fields': ['Blond_Hair'], 'color_hint': 'Blond_Hair', 'texture_hint': None, 'bangs_hint': False, 'male_hint': False, 'receding_hairline_hint': False}","{'status': 'seed_from_celeba_attributes', 'taxonomy_source': 'CelebA_native_attributes', 'normalized_attributes': {'length': None, 'curl': None, 'bang': None, 'volume': None, 'side_hair': None, 'color': None, 'style_family': None}, 'notes': ''}",1.0,['full_hair_candidate'],True,"{'keep': 'yes', 'notes': 'codex_visual_review'}","{'status': 'reviewed_render_safe_keep', 'source': 'manual_render_review'}"
celeba_full_hair_000104,CelebA_full_hair,002428.jpg,D:\Projects\Personal Projects\Hairstyle Recommender Live Tryon\backend\data\raw\celeba\img_align_celeba\img_align_celeba\002428.jpg,D:\Projects\Personal Projects\Hairstyle Recommender Live Tryon\backend\data\datasets\celeba_hair_rich\segmentation_masks\002428_hair_mask.png,D:\Projects\Personal Projects\Hairstyle Recommender Live Tryon\backend\data\processed\celeba_full_hair_assets\images\celeba_full_hair_000104.png,D:\Projects\Personal Projects\Hairstyle Recommender Live Tryon\backend\data\processed\celeba_full_hair_assets\masks\celeba_full_hair_000104_mask.png,train,female,1.0,high,['usable_candidate'],"{'positive_pixels': 9622, 'coverage_ratio': 0.247964, 'bbox_x': 17, 'bbox_y': 14, 'bbox_width': 141, 'bbox_height': 143}","{'component_count': 1, 'largest_component_pixels': 9622, 'secondary_component_pixels': 0, 'stray_pixels': 0, 'stray_ratio': 0.0}","{'top_band_coverage': 0.247911, 'top_band_span_ratio': 0.589888, 'side_bias_ratio': 0.093744, 'outer_side_ratio': 0.17221, 'top_rows_with_pixels': 25}","{'left': 0, 'top': 0, 'right': 178, 'bottom': 168}","{'width': 178, 'height': 168}","{'positive_fields': ['Bangs', 'Wavy_Hair'], 'color_hint': None, 'texture_hint': 'Wavy_Hair', 'bangs_hint': True, 'male_hint': False, 'receding_hairline_hint': False}","{'status': 'seed_from_celeba_attributes', 'taxonomy_source': 'CelebA_native_attributes', 'normalized_attributes': {'length': None, 'curl': None, 'bang': None, 'volume': None, 'side_hair': None, 'color': None, 'style_family': None}, 'notes': ''}",1.0,['full_hair_candidate'],True,"{'keep': 'yes', 'notes': 'codex_visual_review'}","{'status': 'reviewed_render_safe_keep', 'source': 'manual_render_review'}"
celeba_full_hair_000105,CelebA_full_hair,002439.jpg,D:\Projects\Personal Projects\Hairstyle Recommender Live Tryon\backend\data\raw\celeba\img_align_celeba\img_align_celeba\002439.jpg,D:\Projects\Personal Projects\Hairstyle Recommender Live Tryon\backend\data\datasets\celeba_hair_rich\segmentation_masks\002439_hair_mask.png,D:\Projects\Personal Projects\Hairstyle Recommender Live Tryon\backend\data\processed\celeba_full_hair_assets\images\celeba_full_hair_000105.png,D:\Projects\Personal Projects\Hairstyle Recommender Live Tryon\backend\data\processed\celeba_full_hair_assets\masks\celeba_full_hair_000105_mask.png,train,female,1.0,high,['usable_candidate'],"{'positive_pixels': 10174, 'coverage_ratio': 0.262189, 'bbox_x': 37, 'bbox_y': 16, 'bbox_width': 131, 'bbox_height': 187}","{'component_count': 1, 'largest_component_pixels': 10174, 'secondary_component_pixels': 0, 'stray_pixels': 0, 'stray_ratio': 0.0}","{'top_band_coverage': 0.240853, 'top_band_span_ratio': 0.58427, 'side_bias_ratio': 0.229408, 'outer_side_ratio': 0.178199, 'top_rows_with_pixels': 23}","{'left': 17, 'top': 0, 'right': 178, 'bottom': 217}","{'width': 161, 'height': 217}","{'positive_fields': ['Brown_Hair', 'Wavy_Hair'], 'color_hint': 'Brown_Hair', 'texture_hint': 'Wavy_Hair', 'bangs_hint': False, 'male_hint': False, 'receding_hairline_hint': False}","{'status': 'seed_from_celeba_attributes', 'taxonomy_source': 'CelebA_native_attributes', 'normalized_attributes': {'length': None, 'curl': None, 'bang': None, 'volume': None, 'side_hair': None, 'color': None, 'style_family': None}, 'notes': ''}",1.0,['full_hair_candidate'],True,"{'keep': 'yes', 'notes': 'codex_visual_review'}","{'status': 'reviewed_render_safe_keep', 'source': 'manual_render_review'}"
celeba_full_hair_000108,CelebA_full_hair,002565.jpg,D:\Projects\Personal Projects\Hairstyle Recommender Live Tryon\backend\data\raw\celeba\img_align_celeba\img_align_celeba\002565.jpg,D:\Projects\Personal Projects\Hairstyle Recommender Live Tryon\backend\data\datasets\celeba_hair_rich\segmentation_masks\002565_hair_mask.png,D:\Projects\Personal Projects\Hairstyle Recommender Live Tryon\backend\data\processed\celeba_full_hair_assets\images\celeba_full_hair_000108.png,D:\Projects\Personal Projects\Hairstyle Recommender Live Tryon\backend\data\processed\celeba_full_hair_assets\masks\celeba_full_hair_000108_mask.png,train,male,1.0,high,['usable_candidate'],"{'positive_pixels': 8104, 'coverage_ratio': 0.208844, 'bbox_x': 8, 'bbox_y': 12, 'bbox_width': 151, 'bbox_height': 167}","{'component_count': 1, 'largest_component_pixels': 8104, 'secondary_component_pixels': 0, 'stray_pixels': 0, 'stray_ratio': 0.0}","{'top_band_coverage': 0.186834, 'top_band_span_ratio': 0.44382, 'side_bias_ratio': 0.191757, 'outer_side_ratio': 0.333539, 'top_rows_with_pixels': 27}","{'left': 0, 'top': 0, 'right': 178, 'bottom': 192}","{'width': 178, 'height': 192}","{'positive_fields': ['Male', 'Black_Hair', 'Wavy_Hair', 'Receding_Hairline'], 'color_hint': 'Black_Hair', 'texture_hint': 'Wavy_Hair', 'bangs_hint': False, 'male_hint': True, 'receding_hairline_hint': True}","{'status': 'seed_from_celeba_attributes', 'taxonomy_source': 'CelebA_native_attributes', 'normalized_attributes': {'length': None, 'curl': None, 'bang': None, 'volume': None, 'side_hair': None, 'color': None, 'style_family': None}, 'notes': ''}",1.0,['full_hair_candidate'],True,"{'keep': 'yes', 'notes': 'codex_visual_review'}","{'status': 'reviewed_render_safe_keep', 'source': 'manual_render_review'}"
celeba_full_hair_000109,CelebA_full_hair,002587.jpg,D:\Projects\Personal Projects\Hairstyle Recommender Live Tryon\backend\data\raw\celeba\img_align_celeba\img_align_celeba\002587.jpg,D:\Projects\Personal Projects\Hairstyle Recommender Live Tryon\backend\data\datasets\celeba_hair_rich\segmentation_masks\002587_hair_mask.png,D:\Projects\Personal Projects\Hairstyle Recommender Live Tryon\backend\data\processed\celeba_full_hair_assets\images\celeba_full_hair_000109.png,D:\Projects\Personal Projects\Hairstyle Recommender Live Tryon\backend\data\processed\celeba_full_hair_assets\masks\celeba_full_hair_000109_mask.png,train,female,1.0,high,['usable_candidate'],"{'positive_pixels': 8250, 'coverage_ratio': 0.212607, 'bbox_x': 26, 'bbox_y': 10, 'bbox_width': 140, 'bbox_height': 130}","{'component_count': 1, 'largest_component_pixels': 8250, 'secondary_component_pixels': 0, 'stray_pixels': 0, 'stray_ratio': 0.0}","{'top_band_coverage': 0.311726, 'top_band_span_ratio': 0.601124, 'side_bias_ratio': 0.111758, 'outer_side_ratio': 0.179273, 'top_rows_with_pixels': 29}","{'left': 4, 'top': 0, 'right': 178, 'bottom': 150}","{'width': 174, 'height': 150}","{'positive_fields': ['Black_Hair', 'Wavy_Hair'], 'color_hint': 'Black_Hair', 'texture_hint': 'Wavy_Hair', 'bangs_hint': False, 'male_hint': False, 'receding_hairline_hint': False}","{'status': 'seed_from_celeba_attributes', 'taxonomy_source': 'CelebA_native_attributes', 'normalized_attributes': {'length': None, 'curl': None, 'bang': None, 'volume': None, 'side_hair': None, 'color': None, 'style_family': None}, 'notes': ''}",1.0,['full_hair_candidate'],True,"{'keep': 'yes', 'notes': 'codex_visual_review'}","{'status': 'reviewed_render_safe_keep', 'source': 'manual_render_review'}"
celeba_full_hair_000110,CelebA_full_hair,002807.jpg,D:\Projects\Personal Projects\Hairstyle Recommender Live Tryon\backend\data\raw\celeba\img_align_celeba\img_align_celeba\002807.jpg,D:\Projects\Personal Projects\Hairstyle Recommender Live Tryon\backend\data\datasets\celeba_hair_rich\segmentation_masks\002807_hair_mask.png,D:\Projects\Personal Projects\Hairstyle Recommender Live Tryon\backend\data\processed\celeba_full_hair_assets\images\celeba_full_hair_000110.png,D:\Projects\Personal Projects\Hairstyle Recommender Live Tryon\backend\data\processed\celeba_full_hair_assets\masks\celeba_full_hair_000110_mask.png,train,male,1.0,high,['usable_candidate'],"{'positive_pixels': 9806, 'coverage_ratio': 0.252706, 'bbox_x': 11, 'bbox_y': 7, 'bbox_width': 145, 'bbox_height': 160}","{'component_count': 1, 'largest_component_pixels': 9806, 'secondary_component_pixels': 0, 'stray_pixels': 0, 'stray_ratio': 0.0}","{'top_band_coverage': 0.326995, 'top_band_span_ratio': 0.640449, 'side_bias_ratio': 0.157455, 'outer_side_ratio': 0.2732, 'top_rows_with_pixels': 32}","{'left': 0, 'top': 0, 'right': 178, 'bottom': 179}","{'width': 178, 'height': 179}","{'positive_fields': ['Male', 'Gray_Hair', 'Receding_Hairline'], 'color_hint': 'Gray_Hair', 'texture_hint': None, 'bangs_hint': False, 'male_hint': True, 'receding_hairline_hint': True}","{'status': 'seed_from_celeba_attributes', 'taxonomy_source': 'CelebA_native_attributes', 'normalized_attributes': {'length': None, 'curl': None, 'bang': None, 'volume': None, 'side_hair': None, 'color': None, 'style_family': None}, 'notes': ''}",1.0,['full_hair_candidate'],True,"{'keep': 'yes', 'notes': 'codex_visual_review'}","{'status': 'reviewed_render_safe_keep', 'source': 'manual_render_review'}"
celeba_full_hair_000111,CelebA_full_hair,002931.jpg,D:\Projects\Personal Projects\Hairstyle Recommender Live Tryon\backend\data\raw\celeba\img_align_celeba\img_align_celeba\002931.jpg,D:\Projects\Personal Projects\Hairstyle Recommender Live Tryon\backend\data\datasets\celeba_hair_rich\segmentation_masks\002931_hair_mask.png,D:\Projects\Personal Projects\Hairstyle Recommender Live Tryon\backend\data\processed\celeba_full_hair_assets\images\celeba_full_hair_000111.png,D:\Projects\Personal Projects\Hairstyle Recommender Live Tryon\backend\data\processed\celeba_full_hair_assets\masks\celeba_full_hair_000111_mask.png,train,male,1.0,high,['usable_candidate'],"{'positive_pixels': 7193, 'coverage_ratio': 0.185367, 'bbox_x': 22, 'bbox_y': 10, 'bbox_width': 135, 'bbox_height': 129}","{'component_count': 1, 'largest_component_pixels': 7193, 'secondary_component_pixels': 0, 'stray_pixels': 0, 'stray_ratio': 0.0}","{'top_band_coverage': 0.228897, 'top_band_span_ratio': 0.483146, 'side_bias_ratio': 0.009315, 'outer_side_ratio': 0.099541, 'top_rows_with_pixels': 29}","{'left': 1, 'top': 0, 'right': 178, 'bottom': 149}","{'width': 177, 'height': 149}","{'positive_fields': ['Male', 'Brown_Hair', 'Wavy_Hair'], 'color_hint': 'Brown_Hair', 'texture_hint': 'Wavy_Hair', 'bangs_hint': False, 'male_hint': True, 'receding_hairline_hint': False}","{'status': 'seed_from_celeba_attributes', 'taxonomy_source': 'CelebA_native_attributes', 'normalized_attributes': {'length': None, 'curl': None, 'bang': None, 'volume': None, 'side_hair': None, 'color': None, 'style_family': None}, 'notes': ''}",1.0,['full_hair_candidate'],True,"{'keep': 'yes', 'notes': 'codex_visual_review'}","{'status': 'reviewed_render_safe_keep', 'source': 'manual_render_review'}"
celeba_full_hair_000114,CelebA_full_hair,003072.jpg,D:\Projects\Personal Projects\Hairstyle Recommender Live Tryon\backend\data\raw\celeba\img_align_celeba\img_align_celeba\003072.jpg,D:\Projects\Personal Projects\Hairstyle Recommender Live Tryon\backend\data\datasets\celeba_hair_rich\segmentation_masks\003072_hair_mask.png,D:\Projects\Personal Projects\Hairstyle Recommender Live Tryon\backend\data\processed\celeba_full_hair_assets\images\celeba_full_hair_000114.png,D:\Projects\Personal Projects\Hairstyle Recommender Live Tryon\backend\data\processed\celeba_full_hair_assets\masks\celeba_full_hair_000114_mask.png,train,male,1.0,high,['usable_candidate'],"{'positive_pixels': 7107, 'coverage_ratio': 0.183151, 'bbox_x': 12, 'bbox_y': 16, 'bbox_width': 133, 'bbox_height': 148}","{'component_count': 1, 'largest_component_pixels': 7107, 'secondary_component_pixels': 0, 'stray_pixels': 0, 'stray_ratio': 0.0}","{'top_band_coverage': 0.182656, 'top_band_span_ratio': 0.533708, 'side_bias_ratio': 0.264106, 'outer_side_ratio': 0.202336, 'top_rows_with_pixels': 23}","{'left': 0, 'top': 0, 'right': 166, 'bottom': 175}","{'width': 166, 'height': 175}","{'positive_fields': ['Male', 'Black_Hair', 'Wavy_Hair'], 'color_hint': 'Black_Hair', 'texture_hint': 'Wavy_Hair', 'bangs_hint': False, 'male_hint': True, 'receding_hairline_hint': False}","{'status': 'seed_from_celeba_attributes', 'taxonomy_source': 'CelebA_native_attributes', 'normalized_attributes': {'length': None, 'curl': None, 'bang': None, 'volume': None, 'side_hair': None, 'color': None, 'style_family': None}, 'notes': ''}",1.0,['full_hair_candidate'],True,"{'keep': 'yes', 'notes': 'codex_visual_review'}","{'status': 'reviewed_render_safe_keep', 'source': 'manual_render_review'}"
celeba_full_hair_000115,CelebA_full_hair,003077.jpg,D:\Projects\Personal Projects\Hairstyle Recommender Live Tryon\backend\data\raw\celeba\img_align_celeba\img_align_celeba\003077.jpg,D:\Projects\Personal Projects\Hairstyle Recommender Live Tryon\backend\data\datasets\celeba_hair_rich\segmentation_masks\003077_hair_mask.png,D:\Projects\Personal Projects\Hairstyle Recommender Live Tryon\backend\data\processed\celeba_full_hair_assets\images\celeba_full_hair_000115.png,D:\Projects\Personal Projects\Hairstyle Recommender Live Tryon\backend\data\processed\celeba_full_hair_assets\masks\celeba_full_hair_000115_mask.png,train,male,1.0,high,['usable_candidate'],"{'positive_pixels': 12032, 'coverage_ratio': 0.310071, 'bbox_x': 13, 'bbox_y': 16, 'bbox_width': 148, 'bbox_height': 162}","{'component_count': 1, 'largest_component_pixels': 12032, 'secondary_component_pixels': 0, 'stray_pixels': 0, 'stray_ratio': 0.0}","{'top_band_coverage': 0.203688, 'top_band_span_ratio': 0.550562, 'side_bias_ratio': 0.107879, 'outer_side_ratio': 0.179854, 'top_rows_with_pixels': 23}","{'left': 0, 'top': 0, 'right': 178, 'bottom': 190}","{'width': 178, 'height': 190}","{'positive_fields': ['Male', 'Bangs', 'Brown_Hair', 'Wavy_Hair'], 'color_hint': 'Brown_Hair', 'texture_hint': 'Wavy_Hair', 'bangs_hint': True, 'male_hint': True, 'receding_hairline_hint': False}","{'status': 'seed_from_celeba_attributes', 'taxonomy_source': 'CelebA_native_attributes', 'normalized_attributes': {'length': None, 'curl': None, 'bang': None, 'volume': None, 'side_hair': None, 'color': None, 'style_family': None}, 'notes': ''}",1.0,['full_hair_candidate'],True,"{'keep': 'yes', 'notes': 'codex_visual_review'}","{'status': 'reviewed_render_safe_keep', 'source': 'manual_render_review'}"
celeba_full_hair_000118,CelebA_full_hair,003277.jpg,D:\Projects\Personal Projects\Hairstyle Recommender Live Tryon\backend\data\raw\celeba\img_align_celeba\img_align_celeba\003277.jpg,D:\Projects\Personal Projects\Hairstyle Recommender Live Tryon\backend\data\datasets\celeba_hair_rich\segmentation_masks\003277_hair_mask.png,D:\Projects\Personal Projects\Hairstyle Recommender Live Tryon\backend\data\processed\celeba_full_hair_assets\images\celeba_full_hair_000118.png,D:\Projects\Personal Projects\Hairstyle Recommender Live Tryon\backend\data\processed\celeba_full_hair_assets\masks\celeba_full_hair_000118_mask.png,train,male,1.0,high,['usable_candidate'],"{'positive_pixels': 8713, 'coverage_ratio': 0.224539, 'bbox_x': 3, 'bbox_y': 4, 'bbox_width': 136, 'bbox_height': 141}","{'component_count': 1, 'largest_component_pixels': 8713, 'secondary_component_pixels': 0, 'stray_pixels': 0, 'stray_ratio': 0.0}","{'top_band_coverage': 0.362576, 'top_band_span_ratio': 0.685393, 'side_bias_ratio': 0.34856, 'outer_side_ratio': 0.204752, 'top_rows_with_pixels': 35}","{'left': 0, 'top': 0, 'right': 160, 'bottom': 156}","{'width': 160, 'height': 156}","{'positive_fields': ['Male', 'Black_Hair', 'Wavy_Hair'], 'color_hint': 'Black_Hair', 'texture_hint': 'Wavy_Hair', 'bangs_hint': False, 'male_hint': True, 'receding_hairline_hint': False}","{'status': 'seed_from_celeba_attributes', 'taxonomy_source': 'CelebA_native_attributes', 'normalized_attributes': {'length': None, 'curl': None, 'bang': None, 'volume': None, 'side_hair': None, 'color': None, 'style_family': None}, 'notes': ''}",1.0,['full_hair_candidate'],True,"{'keep': 'yes', 'notes': 'codex_visual_review'}","{'status': 'reviewed_render_safe_keep', 'source': 'manual_render_review'}"
celeba_full_hair_000120,CelebA_full_hair,003315.jpg,D:\Projects\Personal Projects\Hairstyle Recommender Live Tryon\backend\data\raw\celeba\img_align_celeba\img_align_celeba\003315.jpg,D:\Projects\Personal Projects\Hairstyle Recommender Live Tryon\backend\data\datasets\celeba_hair_rich\segmentation_masks\003315_hair_mask.png,D:\Projects\Personal Projects\Hairstyle Recommender Live Tryon\backend\data\processed\celeba_full_hair_assets\images\celeba_full_hair_000120.png,D:\Projects\Personal Projects\Hairstyle Recommender Live Tryon\backend\data\processed\celeba_full_hair_assets\masks\celeba_full_hair_000120_mask.png,train,male,1.0,high,['usable_candidate'],"{'positive_pixels': 9374, 'coverage_ratio': 0.241573, 'bbox_x': 26, 'bbox_y': 15, 'bbox_width': 125, 'bbox_height': 137}","{'component_count': 1, 'largest_component_pixels': 9374, 'secondary_component_pixels': 0, 'stray_pixels': 0, 'stray_ratio': 0.0}","{'top_band_coverage': 0.231057, 'top_band_span_ratio': 0.55618, 'side_bias_ratio': 0.090036, 'outer_side_ratio': 0.028163, 'top_rows_with_pixels': 24}","{'left': 6, 'top': 0, 'right': 171, 'bottom': 162}","{'width': 165, 'height': 162}","{'positive_fields': ['Male', 'Bangs', 'Straight_Hair'], 'color_hint': None, 'texture_hint': 'Straight_Hair', 'bangs_hint': True, 'male_hint': True, 'receding_hairline_hint': False}","{'status': 'seed_from_celeba_attributes', 'taxonomy_source': 'CelebA_native_attributes', 'normalized_attributes': {'length': None, 'curl': None, 'bang': None, 'volume': None, 'side_hair': None, 'color': None, 'style_family': None}, 'notes': ''}",1.0,['full_hair_candidate'],True,"{'keep': 'yes', 'notes': 'codex_visual_review'}","{'status': 'reviewed_render_safe_keep', 'source': 'manual_render_review'}"
celeba_full_hair_000124,CelebA_full_hair,003624.jpg,D:\Projects\Personal Projects\Hairstyle Recommender Live Tryon\backend\data\raw\celeba\img_align_celeba\img_align_celeba\003624.jpg,D:\Projects\Personal Projects\Hairstyle Recommender Live Tryon\backend\data\datasets\celeba_hair_rich\segmentation_masks\003624_hair_mask.png,D:\Projects\Personal Projects\Hairstyle Recommender Live Tryon\backend\data\processed\celeba_full_hair_assets\images\celeba_full_hair_000124.png,D:\Projects\Personal Projects\Hairstyle Recommender Live Tryon\backend\data\processed\celeba_full_hair_assets\masks\celeba_full_hair_000124_mask.png,train,male,1.0,high,['usable_candidate'],"{'positive_pixels': 10153, 'coverage_ratio': 0.261648, 'bbox_x': 22, 'bbox_y': 14, 'bbox_width': 147, 'bbox_height': 161}","{'component_count': 1, 'largest_component_pixels': 10153, 'secondary_component_pixels': 0, 'stray_pixels': 0, 'stray_ratio': 0.0}","{'top_band_coverage': 0.260876, 'top_band_span_ratio': 0.578652, 'side_bias_ratio': 0.124003, 'outer_side_ratio': 0.204767, 'top_rows_with_pixels': 25}","{'left': 0, 'top': 0, 'right': 178, 'bottom': 187}","{'width': 178, 'height': 187}","{'positive_fields': ['Male', 'Straight_Hair'], 'color_hint': None, 'texture_hint': 'Straight_Hair', 'bangs_hint': False, 'male_hint': True, 'receding_hairline_hint': False}","{'status': 'seed_from_celeba_attributes', 'taxonomy_source': 'CelebA_native_attributes', 'normalized_attributes': {'length': None, 'curl': None, 'bang': None, 'volume': None, 'side_hair': None, 'color': None, 'style_family': None}, 'notes': ''}",1.0,['full_hair_candidate'],True,"{'keep': 'yes', 'notes': 'codex_visual_review'}","{'status': 'reviewed_render_safe_keep', 'source': 'manual_render_review'}"
celeba_full_hair_000125,CelebA_full_hair,003641.jpg,D:\Projects\Personal Projects\Hairstyle Recommender Live Tryon\backend\data\raw\celeba\img_align_celeba\img_align_celeba\003641.jpg,D:\Projects\Personal Projects\Hairstyle Recommender Live Tryon\backend\data\datasets\celeba_hair_rich\segmentation_masks\003641_hair_mask.png,D:\Projects\Personal Projects\Hairstyle Recommender Live Tryon\backend\data\processed\celeba_full_hair_assets\images\celeba_full_hair_000125.png,D:\Projects\Personal Projects\Hairstyle Recommender Live Tryon\backend\data\processed\celeba_full_hair_assets\masks\celeba_full_hair_000125_mask.png,train,female,1.0,high,['usable_candidate'],"{'positive_pixels': 9806, 'coverage_ratio': 0.252706, 'bbox_x': 12, 'bbox_y': 7, 'bbox_width': 154, 'bbox_height': 124}","{'component_count': 1, 'largest_component_pixels': 9806, 'secondary_component_pixels': 0, 'stray_pixels': 0, 'stray_ratio': 0.0}","{'top_band_coverage': 0.340104, 'top_band_span_ratio': 0.617978, 'side_bias_ratio': 0.020192, 'outer_side_ratio': 0.238527, 'top_rows_with_pixels': 32}","{'left': 0, 'top': 0, 'right': 178, 'bottom': 140}","{'width': 178, 'height': 140}","{'positive_fields': ['Gray_Hair', 'Wavy_Hair', 'Receding_Hairline'], 'color_hint': 'Gray_Hair', 'texture_hint': 'Wavy_Hair', 'bangs_hint': False, 'male_hint': False, 'receding_hairline_hint': True}","{'status': 'seed_from_celeba_attributes', 'taxonomy_source': 'CelebA_native_attributes', 'normalized_attributes': {'length': None, 'curl': None, 'bang': None, 'volume': None, 'side_hair': None, 'color': None, 'style_family': None}, 'notes': ''}",1.0,['full_hair_candidate'],True,"{'keep': 'yes', 'notes': 'codex_visual_review'}","{'status': 'reviewed_render_safe_keep', 'source': 'manual_render_review'}"
celeba_full_hair_000126,CelebA_full_hair,003646.jpg,D:\Projects\Personal Projects\Hairstyle Recommender Live Tryon\backend\data\raw\celeba\img_align_celeba\img_align_celeba\003646.jpg,D:\Projects\Personal Projects\Hairstyle Recommender Live Tryon\backend\data\datasets\celeba_hair_rich\segmentation_masks\003646_hair_mask.png,D:\Projects\Personal Projects\Hairstyle Recommender Live Tryon\backend\data\processed\celeba_full_hair_assets\images\celeba_full_hair_000126.png,D:\Projects\Personal Projects\Hairstyle Recommender Live Tryon\backend\data\processed\celeba_full_hair_assets\masks\celeba_full_hair_000126_mask.png,train,male,1.0,high,['usable_candidate'],"{'positive_pixels': 9053, 'coverage_ratio': 0.233301, 'bbox_x': 24, 'bbox_y': 17, 'bbox_width': 120, 'bbox_height': 131}","{'component_count': 1, 'largest_component_pixels': 9053, 'secondary_component_pixels': 0, 'stray_pixels': 0, 'stray_ratio': 0.0}","{'top_band_coverage': 0.151541, 'top_band_span_ratio': 0.449438, 'side_bias_ratio': 0.122722, 'outer_side_ratio': 0.044957, 'top_rows_with_pixels': 22}","{'left': 5, 'top': 0, 'right': 163, 'bottom': 158}","{'width': 158, 'height': 158}","{'positive_fields': ['Male', 'Bangs', 'Brown_Hair'], 'color_hint': 'Brown_Hair', 'texture_hint': None, 'bangs_hint': True, 'male_hint': True, 'receding_hairline_hint': False}","{'status': 'seed_from_celeba_attributes', 'taxonomy_source': 'CelebA_native_attributes', 'normalized_attributes': {'length': None, 'curl': None, 'bang': None, 'volume': None, 'side_hair': None, 'color': None, 'style_family': None}, 'notes': ''}",1.0,['full_hair_candidate'],True,"{'keep': 'yes', 'notes': 'codex_visual_review'}","{'status': 'reviewed_render_safe_keep', 'source': 'manual_render_review'}"
celeba_full_hair_000127,CelebA_full_hair,003698.jpg,D:\Projects\Personal Projects\Hairstyle Recommender Live Tryon\backend\data\raw\celeba\img_align_celeba\img_align_celeba\003698.jpg,D:\Projects\Personal Projects\Hairstyle Recommender Live Tryon\backend\data\datasets\celeba_hair_rich\segmentation_masks\003698_hair_mask.png,D:\Projects\Personal Projects\Hairstyle Recommender Live Tryon\backend\data\processed\celeba_full_hair_assets\images\celeba_full_hair_000127.png,D:\Projects\Personal Projects\Hairstyle Recommender Live Tryon\backend\data\processed\celeba_full_hair_assets\masks\celeba_full_hair_000127_mask.png,train,male,1.0,high,['usable_candidate'],"{'positive_pixels': 9571, 'coverage_ratio': 0.24665, 'bbox_x': 20, 'bbox_y': 11, 'bbox_width': 154, 'bbox_height': 159}","{'component_count': 1, 'largest_component_pixels': 9571, 'secondary_component_pixels': 0, 'stray_pixels': 0, 'stray_ratio': 0.0}","{'top_band_coverage': 0.261308, 'top_band_span_ratio': 0.578652, 'side_bias_ratio': 0.180023, 'outer_side_ratio': 0.204994, 'top_rows_with_pixels': 28}","{'left': 0, 'top': 0, 'right': 178, 'bottom': 182}","{'width': 178, 'height': 182}","{'positive_fields': ['Male', 'Brown_Hair', 'Wavy_Hair'], 'color_hint': 'Brown_Hair', 'texture_hint': 'Wavy_Hair', 'bangs_hint': False, 'male_hint': True, 'receding_hairline_hint': False}","{'status': 'seed_from_celeba_attributes', 'taxonomy_source': 'CelebA_native_attributes', 'normalized_attributes': {'length': None, 'curl': None, 'bang': None, 'volume': None, 'side_hair': None, 'color': None, 'style_family': None}, 'notes': ''}",1.0,['full_hair_candidate'],True,"{'keep': 'yes', 'notes': 'codex_visual_review'}","{'status': 'reviewed_render_safe_keep', 'source': 'manual_render_review'}"
celeba_full_hair_000128,CelebA_full_hair,003787.jpg,D:\Projects\Personal Projects\Hairstyle Recommender Live Tryon\backend\data\raw\celeba\img_align_celeba\img_align_celeba\003787.jpg,D:\Projects\Personal Projects\Hairstyle Recommender Live Tryon\backend\data\datasets\celeba_hair_rich\segmentation_masks\003787_hair_mask.png,D:\Projects\Personal Projects\Hairstyle Recommender Live Tryon\backend\data\processed\celeba_full_hair_assets\images\celeba_full_hair_000128.png,D:\Projects\Personal Projects\Hairstyle Recommender Live Tryon\backend\data\processed\celeba_full_hair_assets\masks\celeba_full_hair_000128_mask.png,train,female,1.0,high,['usable_candidate'],"{'positive_pixels': 8583, 'coverage_ratio': 0.221189, 'bbox_x': 35, 'bbox_y': 3, 'bbox_width': 126, 'bbox_height': 132}","{'component_count': 1, 'largest_component_pixels': 8583, 'secondary_component_pixels': 0, 'stray_pixels': 0, 'stray_ratio': 0.0}","{'top_band_coverage': 0.387352, 'top_band_span_ratio': 0.589888, 'side_bias_ratio': 0.126879, 'outer_side_ratio': 0.12117, 'top_rows_with_pixels': 36}","{'left': 15, 'top': 0, 'right': 178, 'bottom': 145}","{'width': 163, 'height': 145}","{'positive_fields': ['Bangs', 'Blond_Hair'], 'color_hint': 'Blond_Hair', 'texture_hint': None, 'bangs_hint': True, 'male_hint': False, 'receding_hairline_hint': False}","{'status': 'seed_from_celeba_attributes', 'taxonomy_source': 'CelebA_native_attributes', 'normalized_attributes': {'length': None, 'curl': None, 'bang': None, 'volume': None, 'side_hair': None, 'color': None, 'style_family': None}, 'notes': ''}",1.0,['full_hair_candidate'],True,"{'keep': 'yes', 'notes': 'codex_visual_review'}","{'status': 'reviewed_render_safe_keep', 'source': 'manual_render_review'}"
celeba_full_hair_000130,CelebA_full_hair,004075.jpg,D:\Projects\Personal Projects\Hairstyle Recommender Live Tryon\backend\data\raw\celeba\img_align_celeba\img_align_celeba\004075.jpg,D:\Projects\Personal Projects\Hairstyle Recommender Live Tryon\backend\data\datasets\celeba_hair_rich\segmentation_masks\004075_hair_mask.png,D:\Projects\Personal Projects\Hairstyle Recommender Live Tryon\backend\data\processed\celeba_full_hair_assets\images\celeba_full_hair_000130.png,D:\Projects\Personal Projects\Hairstyle Recommender Live Tryon\backend\data\processed\celeba_full_hair_assets\masks\celeba_full_hair_000130_mask.png,train,female,1.0,high,['usable_candidate'],"{'positive_pixels': 14514, 'coverage_ratio': 0.374034, 'bbox_x': 17, 'bbox_y': 7, 'bbox_width': 147, 'bbox_height': 197}","{'component_count': 1, 'largest_component_pixels': 14514, 'secondary_component_pixels': 0, 'stray_pixels': 0, 'stray_ratio': 0.0}","{'top_band_coverage': 0.358686, 'top_band_span_ratio': 0.617978, 'side_bias_ratio': 0.13077, 'outer_side_ratio': 0.245349, 'top_rows_with_pixels': 32}","{'left': 0, 'top': 0, 'right': 178, 'bottom': 218}","{'width': 178, 'height': 218}","{'positive_fields': ['Bangs', 'Blond_Hair'], 'color_hint': 'Blond_Hair', 'texture_hint': None, 'bangs_hint': True, 'male_hint': False, 'receding_hairline_hint': False}","{'status': 'seed_from_celeba_attributes', 'taxonomy_source': 'CelebA_native_attributes', 'normalized_attributes': {'length': None, 'curl': None, 'bang': None, 'volume': None, 'side_hair': None, 'color': None, 'style_family': None}, 'notes': ''}",1.0,['full_hair_candidate'],True,"{'keep': 'yes', 'notes': 'codex_visual_review'}","{'status': 'reviewed_render_safe_keep', 'source': 'manual_render_review'}"
celeba_full_hair_000131,CelebA_full_hair,004207.jpg,D:\Projects\Personal Projects\Hairstyle Recommender Live Tryon\backend\data\raw\celeba\img_align_celeba\img_align_celeba\004207.jpg,D:\Projects\Personal Projects\Hairstyle Recommender Live Tryon\backend\data\datasets\celeba_hair_rich\segmentation_masks\004207_hair_mask.png,D:\Projects\Personal Projects\Hairstyle Recommender Live Tryon\backend\data\processed\celeba_full_hair_assets\images\celeba_full_hair_000131.png,D:\Projects\Personal Projects\Hairstyle Recommender Live Tryon\backend\data\processed\celeba_full_hair_assets\masks\celeba_full_hair_000131_mask.png,train,female,1.0,high,['usable_candidate'],"{'positive_pixels': 7114, 'coverage_ratio': 0.183332, 'bbox_x': 30, 'bbox_y': 15, 'bbox_width': 132, 'bbox_height': 137}","{'component_count': 1, 'largest_component_pixels': 7114, 'secondary_component_pixels': 0, 'stray_pixels': 0, 'stray_ratio': 0.0}","{'top_band_coverage': 0.182944, 'top_band_span_ratio': 0.466292, 'side_bias_ratio': 0.34889, 'outer_side_ratio': 0.128479, 'top_rows_with_pixels': 24}","{'left': 9, 'top': 0, 'right': 178, 'bottom': 162}","{'width': 169, 'height': 162}","{'positive_fields': ['Brown_Hair'], 'color_hint': 'Brown_Hair', 'texture_hint': None, 'bangs_hint': False, 'male_hint': False, 'receding_hairline_hint': False}","{'status': 'seed_from_celeba_attributes', 'taxonomy_source': 'CelebA_native_attributes', 'normalized_attributes': {'length': None, 'curl': None, 'bang': None, 'volume': None, 'side_hair': None, 'color': None, 'style_family': None}, 'notes': ''}",1.0,['full_hair_candidate'],True,"{'keep': 'yes', 'notes': 'codex_visual_review'}","{'status': 'reviewed_render_safe_keep', 'source': 'manual_render_review'}"
celeba_full_hair_000132,CelebA_full_hair,004226.jpg,D:\Projects\Personal Projects\Hairstyle Recommender Live Tryon\backend\data\raw\celeba\img_align_celeba\img_align_celeba\004226.jpg,D:\Projects\Personal Projects\Hairstyle Recommender Live Tryon\backend\data\datasets\celeba_hair_rich\segmentation_masks\004226_hair_mask.png,D:\Projects\Personal Projects\Hairstyle Recommender Live Tryon\backend\data\processed\celeba_full_hair_assets\images\celeba_full_hair_000132.png,D:\Projects\Personal Projects\Hairstyle Recommender Live Tryon\backend\data\processed\celeba_full_hair_assets\masks\celeba_full_hair_000132_mask.png,train,male,1.0,high,['usable_candidate'],"{'positive_pixels': 9317, 'coverage_ratio': 0.240104, 'bbox_x': 26, 'bbox_y': 17, 'bbox_width': 145, 'bbox_height': 139}","{'component_count': 1, 'largest_component_pixels': 9317, 'secondary_component_pixels': 0, 'stray_pixels': 0, 'stray_ratio': 0.0}","{'top_band_coverage': 0.207577, 'top_band_span_ratio': 0.505618, 'side_bias_ratio': 0.291188, 'outer_side_ratio': 0.164645, 'top_rows_with_pixels': 22}","{'left': 3, 'top': 0, 'right': 178, 'bottom': 167}","{'width': 175, 'height': 167}","{'positive_fields': ['Male', 'Bangs', 'Brown_Hair'], 'color_hint': 'Brown_Hair', 'texture_hint': None, 'bangs_hint': True, 'male_hint': True, 'receding_hairline_hint': False}","{'status': 'seed_from_celeba_attributes', 'taxonomy_source': 'CelebA_native_attributes', 'normalized_attributes': {'length': None, 'curl': None, 'bang': None, 'volume': None, 'side_hair': None, 'color': None, 'style_family': None}, 'notes': ''}",1.0,['full_hair_candidate'],True,"{'keep': 'yes', 'notes': 'codex_visual_review'}","{'status': 'reviewed_render_safe_keep', 'source': 'manual_render_review'}"
celeba_full_hair_000135,CelebA_full_hair,004400.jpg,D:\Projects\Personal Projects\Hairstyle Recommender Live Tryon\backend\data\raw\celeba\img_align_celeba\img_align_celeba\004400.jpg,D:\Projects\Personal Projects\Hairstyle Recommender Live Tryon\backend\data\datasets\celeba_hair_rich\segmentation_masks\004400_hair_mask.png,D:\Projects\Personal Projects\Hairstyle Recommender Live Tryon\backend\data\processed\celeba_full_hair_assets\images\celeba_full_hair_000135.png,D:\Projects\Personal Projects\Hairstyle Recommender Live Tryon\backend\data\processed\celeba_full_hair_assets\masks\celeba_full_hair_000135_mask.png,train,female,1.0,high,['usable_candidate'],"{'positive_pixels': 9966, 'coverage_ratio': 0.256829, 'bbox_x': 23, 'bbox_y': 14, 'bbox_width': 145, 'bbox_height': 160}","{'component_count': 1, 'largest_component_pixels': 9966, 'secondary_component_pixels': 0, 'stray_pixels': 0, 'stray_ratio': 0.0}","{'top_band_coverage': 0.253241, 'top_band_span_ratio': 0.601124, 'side_bias_ratio': 0.192856, 'outer_side_ratio': 0.240016, 'top_rows_with_pixels': 25}","{'left': 0, 'top': 0, 'right': 178, 'bottom': 186}","{'width': 178, 'height': 186}","{'positive_fields': ['Wavy_Hair'], 'color_hint': None, 'texture_hint': 'Wavy_Hair', 'bangs_hint': False, 'male_hint': False, 'receding_hairline_hint': False}","{'status': 'seed_from_celeba_attributes', 'taxonomy_source': 'CelebA_native_attributes', 'normalized_attributes': {'length': None, 'curl': None, 'bang': None, 'volume': None, 'side_hair': None, 'color': None, 'style_family': None}, 'notes': ''}",1.0,['full_hair_candidate'],True,"{'keep': 'yes', 'notes': 'codex_visual_review'}","{'status': 'reviewed_render_safe_keep', 'source': 'manual_render_review'}"
celeba_full_hair_000136,CelebA_full_hair,004536.jpg,D:\Projects\Personal Projects\Hairstyle Recommender Live Tryon\backend\data\raw\celeba\img_align_celeba\img_align_celeba\004536.jpg,D:\Projects\Personal Projects\Hairstyle Recommender Live Tryon\backend\data\datasets\celeba_hair_rich\segmentation_masks\004536_hair_mask.png,D:\Projects\Personal Projects\Hairstyle Recommender Live Tryon\backend\data\processed\celeba_full_hair_assets\images\celeba_full_hair_000136.png,D:\Projects\Personal Projects\Hairstyle Recommender Live Tryon\backend\data\processed\celeba_full_hair_assets\masks\celeba_full_hair_000136_mask.png,train,female,1.0,high,['usable_candidate'],"{'positive_pixels': 9319, 'coverage_ratio': 0.240156, 'bbox_x': 15, 'bbox_y': 16, 'bbox_width': 140, 'bbox_height': 144}","{'component_count': 1, 'largest_component_pixels': 9319, 'secondary_component_pixels': 0, 'stray_pixels': 0, 'stray_ratio': 0.0}","{'top_band_coverage': 0.246903, 'top_band_span_ratio': 0.561798, 'side_bias_ratio': 0.07372, 'outer_side_ratio': 0.15624, 'top_rows_with_pixels': 23}","{'left': 0, 'top': 0, 'right': 177, 'bottom': 171}","{'width': 177, 'height': 171}","{'positive_fields': ['Blond_Hair', 'Wavy_Hair'], 'color_hint': 'Blond_Hair', 'texture_hint': 'Wavy_Hair', 'bangs_hint': False, 'male_hint': False, 'receding_hairline_hint': False}","{'status': 'seed_from_celeba_attributes', 'taxonomy_source': 'CelebA_native_attributes', 'normalized_attributes': {'length': None, 'curl': None, 'bang': None, 'volume': None, 'side_hair': None, 'color': None, 'style_family': None}, 'notes': ''}",1.0,['full_hair_candidate'],True,"{'keep': 'yes', 'notes': 'codex_visual_review'}","{'status': 'reviewed_render_safe_keep', 'source': 'manual_render_review'}"
celeba_full_hair_000139,CelebA_full_hair,004692.jpg,D:\Projects\Personal Projects\Hairstyle Recommender Live Tryon\backend\data\raw\celeba\img_align_celeba\img_align_celeba\004692.jpg,D:\Projects\Personal Projects\Hairstyle Recommender Live Tryon\backend\data\datasets\celeba_hair_rich\segmentation_masks\004692_hair_mask.png,D:\Projects\Personal Projects\Hairstyle Recommender Live Tryon\backend\data\processed\celeba_full_hair_assets\images\celeba_full_hair_000139.png,D:\Projects\Personal Projects\Hairstyle Recommender Live Tryon\backend\data\processed\celeba_full_hair_assets\masks\celeba_full_hair_000139_mask.png,train,female,1.0,high,['usable_candidate'],"{'positive_pixels': 10280, 'coverage_ratio': 0.264921, 'bbox_x': 19, 'bbox_y': 16, 'bbox_width': 133, 'bbox_height': 199}","{'component_count': 1, 'largest_component_pixels': 10280, 'secondary_component_pixels': 0, 'stray_pixels': 0, 'stray_ratio': 0.0}","{'top_band_coverage': 0.182512, 'top_band_span_ratio': 0.449438, 'side_bias_ratio': 0.053891, 'outer_side_ratio': 0.125389, 'top_rows_with_pixels': 23}","{'left': 0, 'top': 0, 'right': 173, 'bottom': 218}","{'width': 173, 'height': 218}","{'positive_fields': ['Blond_Hair', 'Wavy_Hair'], 'color_hint': 'Blond_Hair', 'texture_hint': 'Wavy_Hair', 'bangs_hint': False, 'male_hint': False, 'receding_hairline_hint': False}","{'status': 'seed_from_celeba_attributes', 'taxonomy_source': 'CelebA_native_attributes', 'normalized_attributes': {'length': None, 'curl': None, 'bang': None, 'volume': None, 'side_hair': None, 'color': None, 'style_family': None}, 'notes': ''}",1.0,['full_hair_candidate'],True,"{'keep': 'yes', 'notes': 'codex_visual_review'}","{'status': 'reviewed_render_safe_keep', 'source': 'manual_render_review'}"
celeba_full_hair_000140,CelebA_full_hair,004731.jpg,D:\Projects\Personal Projects\Hairstyle Recommender Live Tryon\backend\data\raw\celeba\img_align_celeba\img_align_celeba\004731.jpg,D:\Projects\Personal Projects\Hairstyle Recommender Live Tryon\backend\data\datasets\celeba_hair_rich\segmentation_masks\004731_hair_mask.png,D:\Projects\Personal Projects\Hairstyle Recommender Live Tryon\backend\data\processed\celeba_full_hair_assets\images\celeba_full_hair_000140.png,D:\Projects\Personal Projects\Hairstyle Recommender Live Tryon\backend\data\processed\celeba_full_hair_assets\masks\celeba_full_hair_000140_mask.png,train,female,1.0,high,['usable_candidate'],"{'positive_pixels': 8289, 'coverage_ratio': 0.213612, 'bbox_x': 22, 'bbox_y': 7, 'bbox_width': 136, 'bbox_height': 144}","{'component_count': 1, 'largest_component_pixels': 8289, 'secondary_component_pixels': 0, 'stray_pixels': 0, 'stray_ratio': 0.0}","{'top_band_coverage': 0.340824, 'top_band_span_ratio': 0.623596, 'side_bias_ratio': 0.08264, 'outer_side_ratio': 0.151526, 'top_rows_with_pixels': 32}","{'left': 1, 'top': 0, 'right': 178, 'bottom': 162}","{'width': 177, 'height': 162}","{'positive_fields': ['Brown_Hair'], 'color_hint': 'Brown_Hair', 'texture_hint': None, 'bangs_hint': False, 'male_hint': False, 'receding_hairline_hint': False}","{'status': 'seed_from_celeba_attributes', 'taxonomy_source': 'CelebA_native_attributes', 'normalized_attributes': {'length': None, 'curl': None, 'bang': None, 'volume': None, 'side_hair': None, 'color': None, 'style_family': None}, 'notes': ''}",1.0,['full_hair_candidate'],True,"{'keep': 'yes', 'notes': 'codex_visual_review'}","{'status': 'reviewed_render_safe_keep', 'source': 'manual_render_review'}"
celeba_full_hair_000141,CelebA_full_hair,004736.jpg,D:\Projects\Personal Projects\Hairstyle Recommender Live Tryon\backend\data\raw\celeba\img_align_celeba\img_align_celeba\004736.jpg,D:\Projects\Personal Projects\Hairstyle Recommender Live Tryon\backend\data\datasets\celeba_hair_rich\segmentation_masks\004736_hair_mask.png,D:\Projects\Personal Projects\Hairstyle Recommender Live Tryon\backend\data\processed\celeba_full_hair_assets\images\celeba_full_hair_000141.png,D:\Projects\Personal Projects\Hairstyle Recommender Live Tryon\backend\data\processed\celeba_full_hair_assets\masks\celeba_full_hair_000141_mask.png,train,male,1.0,high,['usable_candidate'],"{'positive_pixels': 8101, 'coverage_ratio': 0.208767, 'bbox_x': 13, 'bbox_y': 13, 'bbox_width': 136, 'bbox_height': 138}","{'component_count': 1, 'largest_component_pixels': 8101, 'secondary_component_pixels': 0, 'stray_pixels': 0, 'stray_ratio': 0.0}","{'top_band_coverage': 0.242005, 'top_band_span_ratio': 0.623596, 'side_bias_ratio': 0.208493, 'outer_side_ratio': 0.163313, 'top_rows_with_pixels': 26}","{'left': 0, 'top': 0, 'right': 170, 'bottom': 162}","{'width': 170, 'height': 162}","{'positive_fields': ['Male', 'Blond_Hair'], 'color_hint': 'Blond_Hair', 'texture_hint': None, 'bangs_hint': False, 'male_hint': True, 'receding_hairline_hint': False}","{'status': 'seed_from_celeba_attributes', 'taxonomy_source': 'CelebA_native_attributes', 'normalized_attributes': {'length': None, 'curl': None, 'bang': None, 'volume': None, 'side_hair': None, 'color': None, 'style_family': None}, 'notes': ''}",1.0,['full_hair_candidate'],True,"{'keep': 'yes', 'notes': 'codex_visual_review'}","{'status': 'reviewed_render_safe_keep', 'source': 'manual_render_review'}"
celeba_full_hair_000142,CelebA_full_hair,004784.jpg,D:\Projects\Personal Projects\Hairstyle Recommender Live Tryon\backend\data\raw\celeba\img_align_celeba\img_align_celeba\004784.jpg,D:\Projects\Personal Projects\Hairstyle Recommender Live Tryon\backend\data\datasets\celeba_hair_rich\segmentation_masks\004784_hair_mask.png,D:\Projects\Personal Projects\Hairstyle Recommender Live Tryon\backend\data\processed\celeba_full_hair_assets\images\celeba_full_hair_000142.png,D:\Projects\Personal Projects\Hairstyle Recommender Live Tryon\backend\data\processed\celeba_full_hair_assets\masks\celeba_full_hair_000142_mask.png,train,female,1.0,high,['usable_candidate'],"{'positive_pixels': 8117, 'coverage_ratio': 0.209179, 'bbox_x': 32, 'bbox_y': 17, 'bbox_width': 123, 'bbox_height': 139}","{'component_count': 1, 'largest_component_pixels': 8117, 'secondary_component_pixels': 0, 'stray_pixels': 0, 'stray_ratio': 0.0}","{'top_band_coverage': 0.144771, 'top_band_span_ratio': 0.398876, 'side_bias_ratio': 0.063201, 'outer_side_ratio': 0.039916, 'top_rows_with_pixels': 22}","{'left': 13, 'top': 0, 'right': 174, 'bottom': 167}","{'width': 161, 'height': 167}","{'positive_fields': ['Bangs', 'Brown_Hair'], 'color_hint': 'Brown_Hair', 'texture_hint': None, 'bangs_hint': True, 'male_hint': False, 'receding_hairline_hint': False}","{'status': 'seed_from_celeba_attributes', 'taxonomy_source': 'CelebA_native_attributes', 'normalized_attributes': {'length': None, 'curl': None, 'bang': None, 'volume': None, 'side_hair': None, 'color': None, 'style_family': None}, 'notes': ''}",1.0,['full_hair_candidate'],True,"{'keep': 'yes', 'notes': 'codex_visual_review'}","{'status': 'reviewed_render_safe_keep', 'source': 'manual_render_review'}"
celeba_full_hair_000144,CelebA_full_hair,004815.jpg,D:\Projects\Personal Projects\Hairstyle Recommender Live Tryon\backend\data\raw\celeba\img_align_celeba\img_align_celeba\004815.jpg,D:\Projects\Personal Projects\Hairstyle Recommender Live Tryon\backend\data\datasets\celeba_hair_rich\segmentation_masks\004815_hair_mask.png,D:\Projects\Personal Projects\Hairstyle Recommender Live Tryon\backend\data\processed\celeba_full_hair_assets\images\celeba_full_hair_000144.png,D:\Projects\Personal Projects\Hairstyle Recommender Live Tryon\backend\data\processed\celeba_full_hair_assets\masks\celeba_full_hair_000144_mask.png,train,male,1.0,high,['usable_candidate'],"{'positive_pixels': 14382, 'coverage_ratio': 0.370632, 'bbox_x': 12, 'bbox_y': 16, 'bbox_width': 164, 'bbox_height': 188}","{'component_count': 1, 'largest_component_pixels': 14382, 'secondary_component_pixels': 0, 'stray_pixels': 0, 'stray_ratio': 0.0}","{'top_band_coverage': 0.159176, 'top_band_span_ratio': 0.488764, 'side_bias_ratio': 0.119316, 'outer_side_ratio': 0.178417, 'top_rows_with_pixels': 23}","{'left': 0, 'top': 0, 'right': 178, 'bottom': 218}","{'width': 178, 'height': 218}","{'positive_fields': ['Male', 'Bangs', 'Brown_Hair', 'Wavy_Hair'], 'color_hint': 'Brown_Hair', 'texture_hint': 'Wavy_Hair', 'bangs_hint': True, 'male_hint': True, 'receding_hairline_hint': False}","{'status': 'seed_from_celeba_attributes', 'taxonomy_source': 'CelebA_native_attributes', 'normalized_attributes': {'length': None, 'curl': None, 'bang': None, 'volume': None, 'side_hair': None, 'color': None, 'style_family': None}, 'notes': ''}",1.0,['full_hair_candidate'],True,"{'keep': 'yes', 'notes': 'codex_visual_review'}","{'status': 'reviewed_render_safe_keep', 'source': 'manual_render_review'}"
celeba_full_hair_000147,CelebA_full_hair,004915.jpg,D:\Projects\Personal Projects\Hairstyle Recommender Live Tryon\backend\data\raw\celeba\img_align_celeba\img_align_celeba\004915.jpg,D:\Projects\Personal Projects\Hairstyle Recommender Live Tryon\backend\data\datasets\celeba_hair_rich\segmentation_masks\004915_hair_mask.png,D:\Projects\Personal Projects\Hairstyle Recommender Live Tryon\backend\data\processed\celeba_full_hair_assets\images\celeba_full_hair_000147.png,D:\Projects\Personal Projects\Hairstyle Recommender Live Tryon\backend\data\processed\celeba_full_hair_assets\masks\celeba_full_hair_000147_mask.png,train,male,1.0,high,['usable_candidate'],"{'positive_pixels': 7512, 'coverage_ratio': 0.193588, 'bbox_x': 40, 'bbox_y': 13, 'bbox_width': 128, 'bbox_height': 125}","{'component_count': 1, 'largest_component_pixels': 7512, 'secondary_component_pixels': 0, 'stray_pixels': 0, 'stray_ratio': 0.0}","{'top_band_coverage': 0.234226, 'top_band_span_ratio': 0.561798, 'side_bias_ratio': 0.354899, 'outer_side_ratio': 0.167465, 'top_rows_with_pixels': 26}","{'left': 20, 'top': 0, 'right': 178, 'bottom': 148}","{'width': 158, 'height': 148}","{'positive_fields': ['Male', 'Straight_Hair'], 'color_hint': None, 'texture_hint': 'Straight_Hair', 'bangs_hint': False, 'male_hint': True, 'receding_hairline_hint': False}","{'status': 'seed_from_celeba_attributes', 'taxonomy_source': 'CelebA_native_attributes', 'normalized_attributes': {'length': None, 'curl': None, 'bang': None, 'volume': None, 'side_hair': None, 'color': None, 'style_family': None}, 'notes': ''}",1.0,['full_hair_candidate'],True,"{'keep': 'yes', 'notes': 'codex_visual_review'}","{'status': 'reviewed_render_safe_keep', 'source': 'manual_render_review'}"
celeba_full_hair_000153,CelebA_full_hair,162829.jpg,D:\Projects\Personal Projects\Hairstyle Recommender Live Tryon\backend\data\raw\celeba\img_align_celeba\img_align_celeba\162829.jpg,D:\Projects\Personal Projects\Hairstyle Recommender Live Tryon\backend\data\datasets\celeba_hair_rich\segmentation_masks\162829_hair_mask.png,D:\Projects\Personal Projects\Hairstyle Recommender Live Tryon\backend\data\processed\celeba_full_hair_assets\images\celeba_full_hair_000153.png,D:\Projects\Personal Projects\Hairstyle Recommender Live Tryon\backend\data\processed\celeba_full_hair_assets\masks\celeba_full_hair_000153_mask.png,val,female,1.0,high,['usable_candidate'],"{'positive_pixels': 12891, 'coverage_ratio': 0.332208, 'bbox_x': 6, 'bbox_y': 15, 'bbox_width': 153, 'bbox_height': 203}","{'component_count': 1, 'largest_component_pixels': 12891, 'secondary_component_pixels': 0, 'stray_pixels': 0, 'stray_ratio': 0.0}","{'top_band_coverage': 0.234659, 'top_band_span_ratio': 0.511236, 'side_bias_ratio': 0.184703, 'outer_side_ratio': 0.146847, 'top_rows_with_pixels': 24}","{'left': 0, 'top': 0, 'right': 178, 'bottom': 218}","{'width': 178, 'height': 218}","{'positive_fields': ['Blond_Hair', 'Wavy_Hair'], 'color_hint': 'Blond_Hair', 'texture_hint': 'Wavy_Hair', 'bangs_hint': False, 'male_hint': False, 'receding_hairline_hint': False}","{'status': 'seed_from_celeba_attributes', 'taxonomy_source': 'CelebA_native_attributes', 'normalized_attributes': {'length': None, 'curl': None, 'bang': None, 'volume': None, 'side_hair': None, 'color': None, 'style_family': None}, 'notes': ''}",1.0,['full_hair_candidate'],True,"{'keep': 'yes', 'notes': 'codex_visual_review'}","{'status': 'reviewed_render_safe_keep', 'source': 'manual_render_review'}"
celeba_full_hair_000157,CelebA_full_hair,162910.jpg,D:\Projects\Personal Projects\Hairstyle Recommender Live Tryon\backend\data\raw\celeba\img_align_celeba\img_align_celeba\162910.jpg,D:\Projects\Personal Projects\Hairstyle Recommender Live Tryon\backend\data\datasets\celeba_hair_rich\segmentation_masks\162910_hair_mask.png,D:\Projects\Personal Projects\Hairstyle Recommender Live Tryon\backend\data\processed\celeba_full_hair_assets\images\celeba_full_hair_000157.png,D:\Projects\Personal Projects\Hairstyle Recommender Live Tryon\backend\data\processed\celeba_full_hair_assets\masks\celeba_full_hair_000157_mask.png,val,female,1.0,high,['usable_candidate'],"{'positive_pixels': 9106, 'coverage_ratio': 0.234667, 'bbox_x': 10, 'bbox_y': 3, 'bbox_width': 155, 'bbox_height': 159}","{'component_count': 1, 'largest_component_pixels': 9106, 'secondary_component_pixels': 0, 'stray_pixels': 0, 'stray_ratio': 0.0}","{'top_band_coverage': 0.385912, 'top_band_span_ratio': 0.601124, 'side_bias_ratio': 0.075115, 'outer_side_ratio': 0.248517, 'top_rows_with_pixels': 36}","{'left': 0, 'top': 0, 'right': 178, 'bottom': 174}","{'width': 178, 'height': 174}","{'positive_fields': ['Bangs', 'Gray_Hair', 'Wavy_Hair'], 'color_hint': 'Gray_Hair', 'texture_hint': 'Wavy_Hair', 'bangs_hint': True, 'male_hint': False, 'receding_hairline_hint': False}","{'status': 'seed_from_celeba_attributes', 'taxonomy_source': 'CelebA_native_attributes', 'normalized_attributes': {'length': None, 'curl': None, 'bang': None, 'volume': None, 'side_hair': None, 'color': None, 'style_family': None}, 'notes': ''}",1.0,['full_hair_candidate'],True,"{'keep': 'yes', 'notes': 'codex_visual_review'}","{'status': 'reviewed_render_safe_keep', 'source': 'manual_render_review'}"
celeba_full_hair_000158,CelebA_full_hair,162974.jpg,D:\Projects\Personal Projects\Hairstyle Recommender Live Tryon\backend\data\raw\celeba\img_align_celeba\img_align_celeba\162974.jpg,D:\Projects\Personal Projects\Hairstyle Recommender Live Tryon\backend\data\datasets\celeba_hair_rich\segmentation_masks\162974_hair_mask.png,D:\Projects\Personal Projects\Hairstyle Recommender Live Tryon\backend\data\processed\celeba_full_hair_assets\images\celeba_full_hair_000158.png,D:\Projects\Personal Projects\Hairstyle Recommender Live Tryon\backend\data\processed\celeba_full_hair_assets\masks\celeba_full_hair_000158_mask.png,val,male,1.0,high,['usable_candidate'],"{'positive_pixels': 8312, 'coverage_ratio': 0.214205, 'bbox_x': 28, 'bbox_y': 4, 'bbox_width': 125, 'bbox_height': 140}","{'component_count': 1, 'largest_component_pixels': 8312, 'secondary_component_pixels': 0, 'stray_pixels': 0, 'stray_ratio': 0.0}","{'top_band_coverage': 0.348315, 'top_band_span_ratio': 0.573034, 'side_bias_ratio': 0.017084, 'outer_side_ratio': 0.035972, 'top_rows_with_pixels': 35}","{'left': 8, 'top': 0, 'right': 173, 'bottom': 155}","{'width': 165, 'height': 155}","{'positive_fields': ['Male', 'Brown_Hair'], 'color_hint': 'Brown_Hair', 'texture_hint': None, 'bangs_hint': False, 'male_hint': True, 'receding_hairline_hint': False}","{'status': 'seed_from_celeba_attributes', 'taxonomy_source': 'CelebA_native_attributes', 'normalized_attributes': {'length': None, 'curl': None, 'bang': None, 'volume': None, 'side_hair': None, 'color': None, 'style_family': None}, 'notes': ''}",1.0,['full_hair_candidate'],True,"{'keep': 'yes', 'notes': 'codex_visual_review'}","{'status': 'reviewed_render_safe_keep', 'source': 'manual_render_review'}"
celeba_full_hair_000159,CelebA_full_hair,163014.jpg,D:\Projects\Personal Projects\Hairstyle Recommender Live Tryon\backend\data\raw\celeba\img_align_celeba\img_align_celeba\163014.jpg,D:\Projects\Personal Projects\Hairstyle Recommender Live Tryon\backend\data\datasets\celeba_hair_rich\segmentation_masks\163014_hair_mask.png,D:\Projects\Personal Projects\Hairstyle Recommender Live Tryon\backend\data\processed\celeba_full_hair_assets\images\celeba_full_hair_000159.png,D:\Projects\Personal Projects\Hairstyle Recommender Live Tryon\backend\data\processed\celeba_full_hair_assets\masks\celeba_full_hair_000159_mask.png,val,female,1.0,high,['usable_candidate'],"{'positive_pixels': 9841, 'coverage_ratio': 0.253608, 'bbox_x': 10, 'bbox_y': 8, 'bbox_width': 146, 'bbox_height': 190}","{'component_count': 1, 'largest_component_pixels': 9841, 'secondary_component_pixels': 0, 'stray_pixels': 0, 'stray_ratio': 0.0}","{'top_band_coverage': 0.329156, 'top_band_span_ratio': 0.640449, 'side_bias_ratio': 0.014125, 'outer_side_ratio': 0.209938, 'top_rows_with_pixels': 31}","{'left': 0, 'top': 0, 'right': 178, 'bottom': 213}","{'width': 178, 'height': 213}","{'positive_fields': ['Blond_Hair', 'Wavy_Hair'], 'color_hint': 'Blond_Hair', 'texture_hint': 'Wavy_Hair', 'bangs_hint': False, 'male_hint': False, 'receding_hairline_hint': False}","{'status': 'seed_from_celeba_attributes', 'taxonomy_source': 'CelebA_native_attributes', 'normalized_attributes': {'length': None, 'curl': None, 'bang': None, 'volume': None, 'side_hair': None, 'color': None, 'style_family': None}, 'notes': ''}",1.0,['full_hair_candidate'],True,"{'keep': 'yes', 'notes': 'codex_visual_review'}","{'status': 'reviewed_render_safe_keep', 'source': 'manual_render_review'}"
celeba_full_hair_000161,CelebA_full_hair,163097.jpg,D:\Projects\Personal Projects\Hairstyle Recommender Live Tryon\backend\data\raw\celeba\img_align_celeba\img_align_celeba\163097.jpg,D:\Projects\Personal Projects\Hairstyle Recommender Live Tryon\backend\data\datasets\celeba_hair_rich\segmentation_masks\163097_hair_mask.png,D:\Projects\Personal Projects\Hairstyle Recommender Live Tryon\backend\data\processed\celeba_full_hair_assets\images\celeba_full_hair_000161.png,D:\Projects\Personal Projects\Hairstyle Recommender Live Tryon\backend\data\processed\celeba_full_hair_assets\masks\celeba_full_hair_000161_mask.png,val,male,1.0,high,['usable_candidate'],"{'positive_pixels': 7812, 'coverage_ratio': 0.201319, 'bbox_x': 41, 'bbox_y': 10, 'bbox_width': 120, 'bbox_height': 148}","{'component_count': 1, 'largest_component_pixels': 7812, 'secondary_component_pixels': 0, 'stray_pixels': 0, 'stray_ratio': 0.0}","{'top_band_coverage': 0.292711, 'top_band_span_ratio': 0.573034, 'side_bias_ratio': 0.304403, 'outer_side_ratio': 0.164619, 'top_rows_with_pixels': 29}","{'left': 22, 'top': 0, 'right': 178, 'bottom': 169}","{'width': 156, 'height': 169}","{'positive_fields': ['Male', 'Black_Hair', 'Straight_Hair'], 'color_hint': 'Black_Hair', 'texture_hint': 'Straight_Hair', 'bangs_hint': False, 'male_hint': True, 'receding_hairline_hint': False}","{'status': 'seed_from_celeba_attributes', 'taxonomy_source': 'CelebA_native_attributes', 'normalized_attributes': {'length': None, 'curl': None, 'bang': None, 'volume': None, 'side_hair': None, 'color': None, 'style_family': None}, 'notes': ''}",1.0,['full_hair_candidate'],True,"{'keep': 'yes', 'notes': 'codex_visual_review'}","{'status': 'reviewed_render_safe_keep', 'source': 'manual_render_review'}"
celeba_full_hair_000164,CelebA_full_hair,163355.jpg,D:\Projects\Personal Projects\Hairstyle Recommender Live Tryon\backend\data\raw\celeba\img_align_celeba\img_align_celeba\163355.jpg,D:\Projects\Personal Projects\Hairstyle Recommender Live Tryon\backend\data\datasets\celeba_hair_rich\segmentation_masks\163355_hair_mask.png,D:\Projects\Personal Projects\Hairstyle Recommender Live Tryon\backend\data\processed\celeba_full_hair_assets\images\celeba_full_hair_000164.png,D:\Projects\Personal Projects\Hairstyle Recommender Live Tryon\backend\data\processed\celeba_full_hair_assets\masks\celeba_full_hair_000164_mask.png,val,female,1.0,high,['usable_candidate'],"{'positive_pixels': 10271, 'coverage_ratio': 0.264689, 'bbox_x': 20, 'bbox_y': 9, 'bbox_width': 154, 'bbox_height': 137}","{'component_count': 1, 'largest_component_pixels': 10271, 'secondary_component_pixels': 0, 'stray_pixels': 0, 'stray_ratio': 0.0}","{'top_band_coverage': 0.248199, 'top_band_span_ratio': 0.589888, 'side_bias_ratio': 0.09668, 'outer_side_ratio': 0.236588, 'top_rows_with_pixels': 30}","{'left': 0, 'top': 0, 'right': 178, 'bottom': 156}","{'width': 178, 'height': 156}","{'positive_fields': ['Bangs', 'Blond_Hair', 'Wavy_Hair'], 'color_hint': 'Blond_Hair', 'texture_hint': 'Wavy_Hair', 'bangs_hint': True, 'male_hint': False, 'receding_hairline_hint': False}","{'status': 'seed_from_celeba_attributes', 'taxonomy_source': 'CelebA_native_attributes', 'normalized_attributes': {'length': None, 'curl': None, 'bang': None, 'volume': None, 'side_hair': None, 'color': None, 'style_family': None}, 'notes': ''}",1.0,['full_hair_candidate'],True,"{'keep': 'yes', 'notes': 'codex_visual_review'}","{'status': 'reviewed_render_safe_keep', 'source': 'manual_render_review'}"
celeba_full_hair_000165,CelebA_full_hair,163374.jpg,D:\Projects\Personal Projects\Hairstyle Recommender Live Tryon\backend\data\raw\celeba\img_align_celeba\img_align_celeba\163374.jpg,D:\Projects\Personal Projects\Hairstyle Recommender Live Tryon\backend\data\datasets\celeba_hair_rich\segmentation_masks\163374_hair_mask.png,D:\Projects\Personal Projects\Hairstyle Recommender Live Tryon\backend\data\processed\celeba_full_hair_assets\images\celeba_full_hair_000165.png,D:\Projects\Personal Projects\Hairstyle Recommender Live Tryon\backend\data\processed\celeba_full_hair_assets\masks\celeba_full_hair_000165_mask.png,val,male,1.0,high,['usable_candidate'],"{'positive_pixels': 9990, 'coverage_ratio': 0.257448, 'bbox_x': 29, 'bbox_y': 11, 'bbox_width': 141, 'bbox_height': 135}","{'component_count': 1, 'largest_component_pixels': 9990, 'secondary_component_pixels': 0, 'stray_pixels': 0, 'stray_ratio': 0.0}","{'top_band_coverage': 0.342553, 'top_band_span_ratio': 0.668539, 'side_bias_ratio': 0.310511, 'outer_side_ratio': 0.19049, 'top_rows_with_pixels': 28}","{'left': 7, 'top': 0, 'right': 178, 'bottom': 156}","{'width': 171, 'height': 156}","{'positive_fields': ['Male', 'Brown_Hair', 'Wavy_Hair'], 'color_hint': 'Brown_Hair', 'texture_hint': 'Wavy_Hair', 'bangs_hint': False, 'male_hint': True, 'receding_hairline_hint': False}","{'status': 'seed_from_celeba_attributes', 'taxonomy_source': 'CelebA_native_attributes', 'normalized_attributes': {'length': None, 'curl': None, 'bang': None, 'volume': None, 'side_hair': None, 'color': None, 'style_family': None}, 'notes': ''}",1.0,['full_hair_candidate'],True,"{'keep': 'yes', 'notes': 'codex_visual_review'}","{'status': 'reviewed_render_safe_keep', 'source': 'manual_render_review'}"
celeba_full_hair_000171,CelebA_full_hair,163625.jpg,D:\Projects\Personal Projects\Hairstyle Recommender Live Tryon\backend\data\raw\celeba\img_align_celeba\img_align_celeba\163625.jpg,D:\Projects\Personal Projects\Hairstyle Recommender Live Tryon\backend\data\datasets\celeba_hair_rich\segmentation_masks\163625_hair_mask.png,D:\Projects\Personal Projects\Hairstyle Recommender Live Tryon\backend\data\processed\celeba_full_hair_assets\images\celeba_full_hair_000171.png,D:\Projects\Personal Projects\Hairstyle Recommender Live Tryon\backend\data\processed\celeba_full_hair_assets\masks\celeba_full_hair_000171_mask.png,val,male,1.0,high,['usable_candidate'],"{'positive_pixels': 7419, 'coverage_ratio': 0.191192, 'bbox_x': 32, 'bbox_y': 14, 'bbox_width': 120, 'bbox_height': 161}","{'component_count': 1, 'largest_component_pixels': 7419, 'secondary_component_pixels': 0, 'stray_pixels': 0, 'stray_ratio': 0.0}","{'top_band_coverage': 0.229761, 'top_band_span_ratio': 0.516854, 'side_bias_ratio': 0.152716, 'outer_side_ratio': 0.041919, 'top_rows_with_pixels': 25}","{'left': 13, 'top': 0, 'right': 171, 'bottom': 187}","{'width': 158, 'height': 187}","{'positive_fields': ['Male', 'Brown_Hair', 'Straight_Hair'], 'color_hint': 'Brown_Hair', 'texture_hint': 'Straight_Hair', 'bangs_hint': False, 'male_hint': True, 'receding_hairline_hint': False}","{'status': 'seed_from_celeba_attributes', 'taxonomy_source': 'CelebA_native_attributes', 'normalized_attributes': {'length': None, 'curl': None, 'bang': None, 'volume': None, 'side_hair': None, 'color': None, 'style_family': None}, 'notes': ''}",1.0,['full_hair_candidate'],True,"{'keep': 'yes', 'notes': 'codex_visual_review'}","{'status': 'reviewed_render_safe_keep', 'source': 'manual_render_review'}"
celeba_full_hair_000172,CelebA_full_hair,163794.jpg,D:\Projects\Personal Projects\Hairstyle Recommender Live Tryon\backend\data\raw\celeba\img_align_celeba\img_align_celeba\163794.jpg,D:\Projects\Personal Projects\Hairstyle Recommender Live Tryon\backend\data\datasets\celeba_hair_rich\segmentation_masks\163794_hair_mask.png,D:\Projects\Personal Projects\Hairstyle Recommender Live Tryon\backend\data\processed\celeba_full_hair_assets\images\celeba_full_hair_000172.png,D:\Projects\Personal Projects\Hairstyle Recommender Live Tryon\backend\data\processed\celeba_full_hair_assets\masks\celeba_full_hair_000172_mask.png,val,female,1.0,high,['usable_candidate'],"{'positive_pixels': 8886, 'coverage_ratio': 0.228997, 'bbox_x': 12, 'bbox_y': 9, 'bbox_width': 151, 'bbox_height': 143}","{'component_count': 1, 'largest_component_pixels': 8886, 'secondary_component_pixels': 0, 'stray_pixels': 0, 'stray_ratio': 0.0}","{'top_band_coverage': 0.235379, 'top_band_span_ratio': 0.550562, 'side_bias_ratio': 0.001576, 'outer_side_ratio': 0.240828, 'top_rows_with_pixels': 30}","{'left': 0, 'top': 0, 'right': 178, 'bottom': 163}","{'width': 178, 'height': 163}","{'positive_fields': ['Gray_Hair', 'Wavy_Hair'], 'color_hint': 'Gray_Hair', 'texture_hint': 'Wavy_Hair', 'bangs_hint': False, 'male_hint': False, 'receding_hairline_hint': False}","{'status': 'seed_from_celeba_attributes', 'taxonomy_source': 'CelebA_native_attributes', 'normalized_attributes': {'length': None, 'curl': None, 'bang': None, 'volume': None, 'side_hair': None, 'color': None, 'style_family': None}, 'notes': ''}",1.0,['full_hair_candidate'],True,"{'keep': 'yes', 'notes': 'codex_visual_review'}","{'status': 'reviewed_render_safe_keep', 'source': 'manual_render_review'}"
celeba_full_hair_000173,CelebA_full_hair,163820.jpg,D:\Projects\Personal Projects\Hairstyle Recommender Live Tryon\backend\data\raw\celeba\img_align_celeba\img_align_celeba\163820.jpg,D:\Projects\Personal Projects\Hairstyle Recommender Live Tryon\backend\data\datasets\celeba_hair_rich\segmentation_masks\163820_hair_mask.png,D:\Projects\Personal Projects\Hairstyle Recommender Live Tryon\backend\data\processed\celeba_full_hair_assets\images\celeba_full_hair_000173.png,D:\Projects\Personal Projects\Hairstyle Recommender Live Tryon\backend\data\processed\celeba_full_hair_assets\masks\celeba_full_hair_000173_mask.png,val,female,1.0,high,['usable_candidate'],"{'positive_pixels': 9836, 'coverage_ratio': 0.253479, 'bbox_x': 13, 'bbox_y': 13, 'bbox_width': 143, 'bbox_height': 132}","{'component_count': 1, 'largest_component_pixels': 9836, 'secondary_component_pixels': 0, 'stray_pixels': 0, 'stray_ratio': 0.0}","{'top_band_coverage': 0.258715, 'top_band_span_ratio': 0.589888, 'side_bias_ratio': 0.029077, 'outer_side_ratio': 0.178325, 'top_rows_with_pixels': 26}","{'left': 0, 'top': 0, 'right': 178, 'bottom': 155}","{'width': 178, 'height': 155}","{'positive_fields': ['Brown_Hair', 'Wavy_Hair'], 'color_hint': 'Brown_Hair', 'texture_hint': 'Wavy_Hair', 'bangs_hint': False, 'male_hint': False, 'receding_hairline_hint': False}","{'status': 'seed_from_celeba_attributes', 'taxonomy_source': 'CelebA_native_attributes', 'normalized_attributes': {'length': None, 'curl': None, 'bang': None, 'volume': None, 'side_hair': None, 'color': None, 'style_family': None}, 'notes': ''}",1.0,['full_hair_candidate'],True,"{'keep': 'yes', 'notes': 'codex_visual_review'}","{'status': 'reviewed_render_safe_keep', 'source': 'manual_render_review'}"
celeba_full_hair_000177,CelebA_full_hair,164003.jpg,D:\Projects\Personal Projects\Hairstyle Recommender Live Tryon\backend\data\raw\celeba\img_align_celeba\img_align_celeba\164003.jpg,D:\Projects\Personal Projects\Hairstyle Recommender Live Tryon\backend\data\datasets\celeba_hair_rich\segmentation_masks\164003_hair_mask.png,D:\Projects\Personal Projects\Hairstyle Recommender Live Tryon\backend\data\processed\celeba_full_hair_assets\images\celeba_full_hair_000177.png,D:\Projects\Personal Projects\Hairstyle Recommender Live Tryon\backend\data\processed\celeba_full_hair_assets\masks\celeba_full_hair_000177_mask.png,val,male,1.0,high,['usable_candidate'],"{'positive_pixels': 8689, 'coverage_ratio': 0.22392, 'bbox_x': 35, 'bbox_y': 9, 'bbox_width': 140, 'bbox_height': 125}","{'component_count': 1, 'largest_component_pixels': 8689, 'secondary_component_pixels': 0, 'stray_pixels': 0, 'stray_ratio': 0.0}","{'top_band_coverage': 0.347306, 'top_band_span_ratio': 0.730337, 'side_bias_ratio': 0.248935, 'outer_side_ratio': 0.13753, 'top_rows_with_pixels': 30}","{'left': 13, 'top': 0, 'right': 178, 'bottom': 144}","{'width': 165, 'height': 144}","{'positive_fields': ['Male', 'Bangs', 'Black_Hair', 'Straight_Hair'], 'color_hint': 'Black_Hair', 'texture_hint': 'Straight_Hair', 'bangs_hint': True, 'male_hint': True, 'receding_hairline_hint': False}","{'status': 'seed_from_celeba_attributes', 'taxonomy_source': 'CelebA_native_attributes', 'normalized_attributes': {'length': None, 'curl': None, 'bang': None, 'volume': None, 'side_hair': None, 'color': None, 'style_family': None}, 'notes': ''}",1.0,['full_hair_candidate'],True,"{'keep': 'yes', 'notes': 'codex_visual_review'}","{'status': 'reviewed_render_safe_keep', 'source': 'manual_render_review'}"
celeba_full_hair_000178,CelebA_full_hair,164020.jpg,D:\Projects\Personal Projects\Hairstyle Recommender Live Tryon\backend\data\raw\celeba\img_align_celeba\img_align_celeba\164020.jpg,D:\Projects\Personal Projects\Hairstyle Recommender Live Tryon\backend\data\datasets\celeba_hair_rich\segmentation_masks\164020_hair_mask.png,D:\Projects\Personal Projects\Hairstyle Recommender Live Tryon\backend\data\processed\celeba_full_hair_assets\images\celeba_full_hair_000178.png,D:\Projects\Personal Projects\Hairstyle Recommender Live Tryon\backend\data\processed\celeba_full_hair_assets\masks\celeba_full_hair_000178_mask.png,val,female,1.0,high,['usable_candidate'],"{'positive_pixels': 11567, 'coverage_ratio': 0.298088, 'bbox_x': 8, 'bbox_y': 10, 'bbox_width': 164, 'bbox_height': 189}","{'component_count': 1, 'largest_component_pixels': 11567, 'secondary_component_pixels': 0, 'stray_pixels': 0, 'stray_ratio': 0.0}","{'top_band_coverage': 0.296456, 'top_band_span_ratio': 0.567416, 'side_bias_ratio': 0.19668, 'outer_side_ratio': 0.300856, 'top_rows_with_pixels': 29}","{'left': 0, 'top': 0, 'right': 178, 'bottom': 214}","{'width': 178, 'height': 214}","{'positive_fields': ['Gray_Hair'], 'color_hint': 'Gray_Hair', 'texture_hint': None, 'bangs_hint': False, 'male_hint': False, 'receding_hairline_hint': False}","{'status': 'seed_from_celeba_attributes', 'taxonomy_source': 'CelebA_native_attributes', 'normalized_attributes': {'length': None, 'curl': None, 'bang': None, 'volume': None, 'side_hair': None, 'color': None, 'style_family': None}, 'notes': ''}",1.0,['full_hair_candidate'],True,"{'keep': 'yes', 'notes': 'codex_visual_review'}","{'status': 'reviewed_render_safe_keep', 'source': 'manual_render_review'}"
celeba_full_hair_000184,CelebA_full_hair,182707.jpg,D:\Projects\Personal Projects\Hairstyle Recommender Live Tryon\backend\data\raw\celeba\img_align_celeba\img_align_celeba\182707.jpg,D:\Projects\Personal Projects\Hairstyle Recommender Live Tryon\backend\data\datasets\celeba_hair_rich\segmentation_masks\182707_hair_mask.png,D:\Projects\Personal Projects\Hairstyle Recommender Live Tryon\backend\data\processed\celeba_full_hair_assets\images\celeba_full_hair_000184.png,D:\Projects\Personal Projects\Hairstyle Recommender Live Tryon\backend\data\processed\celeba_full_hair_assets\masks\celeba_full_hair_000184_mask.png,test,female,1.0,high,['usable_candidate'],"{'positive_pixels': 11616, 'coverage_ratio': 0.299351, 'bbox_x': 26, 'bbox_y': 9, 'bbox_width': 139, 'bbox_height': 181}","{'component_count': 1, 'largest_component_pixels': 11616, 'secondary_component_pixels': 0, 'stray_pixels': 0, 'stray_ratio': 0.0}","{'top_band_coverage': 0.331893, 'top_band_span_ratio': 0.589888, 'side_bias_ratio': 0.104339, 'outer_side_ratio': 0.17407, 'top_rows_with_pixels': 30}","{'left': 4, 'top': 0, 'right': 178, 'bottom': 204}","{'width': 174, 'height': 204}","{'positive_fields': ['Bangs', 'Wavy_Hair'], 'color_hint': None, 'texture_hint': 'Wavy_Hair', 'bangs_hint': True, 'male_hint': False, 'receding_hairline_hint': False}","{'status': 'seed_from_celeba_attributes', 'taxonomy_source': 'CelebA_native_attributes', 'normalized_attributes': {'length': None, 'curl': None, 'bang': None, 'volume': None, 'side_hair': None, 'color': None, 'style_family': None}, 'notes': ''}",1.0,['full_hair_candidate'],True,"{'keep': 'yes', 'notes': 'codex_visual_review'}","{'status': 'reviewed_render_safe_keep', 'source': 'manual_render_review'}"
celeba_full_hair_000189,CelebA_full_hair,182839.jpg,D:\Projects\Personal Projects\Hairstyle Recommender Live Tryon\backend\data\raw\celeba\img_align_celeba\img_align_celeba\182839.jpg,D:\Projects\Personal Projects\Hairstyle Recommender Live Tryon\backend\data\datasets\celeba_hair_rich\segmentation_masks\182839_hair_mask.png,D:\Projects\Personal Projects\Hairstyle Recommender Live Tryon\backend\data\processed\celeba_full_hair_assets\images\celeba_full_hair_000189.png,D:\Projects\Personal Projects\Hairstyle Recommender Live Tryon\backend\data\processed\celeba_full_hair_assets\masks\celeba_full_hair_000189_mask.png,test,female,1.0,high,['usable_candidate'],"{'positive_pixels': 12992, 'coverage_ratio': 0.334811, 'bbox_x': 4, 'bbox_y': 9, 'bbox_width': 148, 'bbox_height': 166}","{'component_count': 1, 'largest_component_pixels': 12992, 'secondary_component_pixels': 0, 'stray_pixels': 0, 'stray_ratio': 0.0}","{'top_band_coverage': 0.31259, 'top_band_span_ratio': 0.567416, 'side_bias_ratio': 0.178417, 'outer_side_ratio': 0.196044, 'top_rows_with_pixels': 30}","{'left': 0, 'top': 0, 'right': 175, 'bottom': 188}","{'width': 175, 'height': 188}","{'positive_fields': ['Bangs', 'Black_Hair'], 'color_hint': 'Black_Hair', 'texture_hint': None, 'bangs_hint': True, 'male_hint': False, 'receding_hairline_hint': False}","{'status': 'seed_from_celeba_attributes', 'taxonomy_source': 'CelebA_native_attributes', 'normalized_attributes': {'length': None, 'curl': None, 'bang': None, 'volume': None, 'side_hair': None, 'color': None, 'style_family': None}, 'notes': ''}",1.0,['full_hair_candidate'],True,"{'keep': 'yes', 'notes': 'codex_visual_review'}","{'status': 'reviewed_render_safe_keep', 'source': 'manual_render_review'}"
celeba_full_hair_000192,CelebA_full_hair,183096.jpg,D:\Projects\Personal Projects\Hairstyle Recommender Live Tryon\backend\data\raw\celeba\img_align_celeba\img_align_celeba\183096.jpg,D:\Projects\Personal Projects\Hairstyle Recommender Live Tryon\backend\data\datasets\celeba_hair_rich\segmentation_masks\183096_hair_mask.png,D:\Projects\Personal Projects\Hairstyle Recommender Live Tryon\backend\data\processed\celeba_full_hair_assets\images\celeba_full_hair_000192.png,D:\Projects\Personal Projects\Hairstyle Recommender Live Tryon\backend\data\processed\celeba_full_hair_assets\masks\celeba_full_hair_000192_mask.png,test,female,1.0,high,['usable_candidate'],"{'positive_pixels': 10332, 'coverage_ratio': 0.266261, 'bbox_x': 22, 'bbox_y': 16, 'bbox_width': 130, 'bbox_height': 170}","{'component_count': 1, 'largest_component_pixels': 10332, 'secondary_component_pixels': 0, 'stray_pixels': 0, 'stray_ratio': 0.0}","{'top_band_coverage': 0.182656, 'top_band_span_ratio': 0.466292, 'side_bias_ratio': 0.006775, 'outer_side_ratio': 0.11837, 'top_rows_with_pixels': 23}","{'left': 2, 'top': 0, 'right': 172, 'bottom': 199}","{'width': 170, 'height': 199}","{'positive_fields': ['Blond_Hair', 'Straight_Hair'], 'color_hint': 'Blond_Hair', 'texture_hint': 'Straight_Hair', 'bangs_hint': False, 'male_hint': False, 'receding_hairline_hint': False}","{'status': 'seed_from_celeba_attributes', 'taxonomy_source': 'CelebA_native_attributes', 'normalized_attributes': {'length': None, 'curl': None, 'bang': None, 'volume': None, 'side_hair': None, 'color': None, 'style_family': None}, 'notes': ''}",1.0,['full_hair_candidate'],True,"{'keep': 'yes', 'notes': 'codex_visual_review'}","{'status': 'reviewed_render_safe_keep', 'source': 'manual_render_review'}"
celeba_full_hair_000195,CelebA_full_hair,183205.jpg,D:\Projects\Personal Projects\Hairstyle Recommender Live Tryon\backend\data\raw\celeba\img_align_celeba\img_align_celeba\183205.jpg,D:\Projects\Personal Projects\Hairstyle Recommender Live Tryon\backend\data\datasets\celeba_hair_rich\segmentation_masks\183205_hair_mask.png,D:\Projects\Personal Projects\Hairstyle Recommender Live Tryon\backend\data\processed\celeba_full_hair_assets\images\celeba_full_hair_000195.png,D:\Projects\Personal Projects\Hairstyle Recommender Live Tryon\backend\data\processed\celeba_full_hair_assets\masks\celeba_full_hair_000195_mask.png,test,female,1.0,high,['usable_candidate'],"{'positive_pixels': 9571, 'coverage_ratio': 0.24665, 'bbox_x': 7, 'bbox_y': 11, 'bbox_width': 137, 'bbox_height': 194}","{'component_count': 1, 'largest_component_pixels': 9571, 'secondary_component_pixels': 0, 'stray_pixels': 0, 'stray_ratio': 0.0}","{'top_band_coverage': 0.285076, 'top_band_span_ratio': 0.550562, 'side_bias_ratio': 0.245429, 'outer_side_ratio': 0.094034, 'top_rows_with_pixels': 28}","{'left': 0, 'top': 0, 'right': 165, 'bottom': 218}","{'width': 165, 'height': 218}","{'positive_fields': ['Blond_Hair'], 'color_hint': 'Blond_Hair', 'texture_hint': None, 'bangs_hint': False, 'male_hint': False, 'receding_hairline_hint': False}","{'status': 'seed_from_celeba_attributes', 'taxonomy_source': 'CelebA_native_attributes', 'normalized_attributes': {'length': None, 'curl': None, 'bang': None, 'volume': None, 'side_hair': None, 'color': None, 'style_family': None}, 'notes': ''}",1.0,['full_hair_candidate'],True,"{'keep': 'yes', 'notes': 'codex_visual_review'}","{'status': 'reviewed_render_safe_keep', 'source': 'manual_render_review'}"
celeba_full_hair_000196,CelebA_full_hair,183228.jpg,D:\Projects\Personal Projects\Hairstyle Recommender Live Tryon\backend\data\raw\celeba\img_align_celeba\img_align_celeba\183228.jpg,D:\Projects\Personal Projects\Hairstyle Recommender Live Tryon\backend\data\datasets\celeba_hair_rich\segmentation_masks\183228_hair_mask.png,D:\Projects\Personal Projects\Hairstyle Recommender Live Tryon\backend\data\processed\celeba_full_hair_assets\images\celeba_full_hair_000196.png,D:\Projects\Personal Projects\Hairstyle Recommender Live Tryon\backend\data\processed\celeba_full_hair_assets\masks\celeba_full_hair_000196_mask.png,test,female,1.0,high,['usable_candidate'],"{'positive_pixels': 12034, 'coverage_ratio': 0.310123, 'bbox_x': 29, 'bbox_y': 14, 'bbox_width': 146, 'bbox_height': 160}","{'component_count': 1, 'largest_component_pixels': 12034, 'secondary_component_pixels': 0, 'stray_pixels': 0, 'stray_ratio': 0.0}","{'top_band_coverage': 0.237972, 'top_band_span_ratio': 0.567416, 'side_bias_ratio': 0.243975, 'outer_side_ratio': 0.182982, 'top_rows_with_pixels': 25}","{'left': 6, 'top': 0, 'right': 178, 'bottom': 186}","{'width': 172, 'height': 186}","{'positive_fields': ['Bangs', 'Brown_Hair', 'Wavy_Hair'], 'color_hint': 'Brown_Hair', 'texture_hint': 'Wavy_Hair', 'bangs_hint': True, 'male_hint': False, 'receding_hairline_hint': False}","{'status': 'seed_from_celeba_attributes', 'taxonomy_source': 'CelebA_native_attributes', 'normalized_attributes': {'length': None, 'curl': None, 'bang': None, 'volume': None, 'side_hair': None, 'color': None, 'style_family': None}, 'notes': ''}",1.0,['full_hair_candidate'],True,"{'keep': 'yes', 'notes': 'codex_visual_review'}","{'status': 'reviewed_render_safe_keep', 'source': 'manual_render_review'}"
celeba_full_hair_000199,CelebA_full_hair,183302.jpg,D:\Projects\Personal Projects\Hairstyle Recommender Live Tryon\backend\data\raw\celeba\img_align_celeba\img_align_celeba\183302.jpg,D:\Projects\Personal Projects\Hairstyle Recommender Live Tryon\backend\data\datasets\celeba_hair_rich\segmentation_masks\183302_hair_mask.png,D:\Projects\Personal Projects\Hairstyle Recommender Live Tryon\backend\data\processed\celeba_full_hair_assets\images\celeba_full_hair_000199.png,D:\Projects\Personal Projects\Hairstyle Recommender Live Tryon\backend\data\processed\celeba_full_hair_assets\masks\celeba_full_hair_000199_mask.png,test,male,1.0,high,['usable_candidate'],"{'positive_pixels': 7273, 'coverage_ratio': 0.187429, 'bbox_x': 33, 'bbox_y': 17, 'bbox_width': 137, 'bbox_height': 158}","{'component_count': 1, 'largest_component_pixels': 7273, 'secondary_component_pixels': 0, 'stray_pixels': 0, 'stray_ratio': 0.0}","{'top_band_coverage': 0.170844, 'top_band_span_ratio': 0.488764, 'side_bias_ratio': 0.139282, 'outer_side_ratio': 0.135707, 'top_rows_with_pixels': 22}","{'left': 12, 'top': 0, 'right': 178, 'bottom': 187}","{'width': 166, 'height': 187}","{'positive_fields': ['Male', 'Black_Hair', 'Wavy_Hair'], 'color_hint': 'Black_Hair', 'texture_hint': 'Wavy_Hair', 'bangs_hint': False, 'male_hint': True, 'receding_hairline_hint': False}","{'status': 'seed_from_celeba_attributes', 'taxonomy_source': 'CelebA_native_attributes', 'normalized_attributes': {'length': None, 'curl': None, 'bang': None, 'volume': None, 'side_hair': None, 'color': None, 'style_family': None}, 'notes': ''}",1.0,['full_hair_candidate'],True,"{'keep': 'yes', 'notes': 'codex_visual_review'}","{'status': 'reviewed_render_safe_keep', 'source': 'manual_render_review'}"
celeba_full_hair_000201,CelebA_full_hair,183418.jpg,D:\Projects\Personal Projects\Hairstyle Recommender Live Tryon\backend\data\raw\celeba\img_align_celeba\img_align_celeba\183418.jpg,D:\Projects\Personal Projects\Hairstyle Recommender Live Tryon\backend\data\datasets\celeba_hair_rich\segmentation_masks\183418_hair_mask.png,D:\Projects\Personal Projects\Hairstyle Recommender Live Tryon\backend\data\processed\celeba_full_hair_assets\images\celeba_full_hair_000201.png,D:\Projects\Personal Projects\Hairstyle Recommender Live Tryon\backend\data\processed\celeba_full_hair_assets\masks\celeba_full_hair_000201_mask.png,test,male,1.0,high,['usable_candidate'],"{'positive_pixels': 8273, 'coverage_ratio': 0.2132, 'bbox_x': 14, 'bbox_y': 16, 'bbox_width': 135, 'bbox_height': 128}","{'component_count': 1, 'largest_component_pixels': 8273, 'secondary_component_pixels': 0, 'stray_pixels': 0, 'stray_ratio': 0.0}","{'top_band_coverage': 0.238836, 'top_band_span_ratio': 0.567416, 'side_bias_ratio': 0.134051, 'outer_side_ratio': 0.129336, 'top_rows_with_pixels': 23}","{'left': 0, 'top': 0, 'right': 170, 'bottom': 154}","{'width': 170, 'height': 154}","{'positive_fields': ['Male', 'Blond_Hair', 'Wavy_Hair'], 'color_hint': 'Blond_Hair', 'texture_hint': 'Wavy_Hair', 'bangs_hint': False, 'male_hint': True, 'receding_hairline_hint': False}","{'status': 'seed_from_celeba_attributes', 'taxonomy_source': 'CelebA_native_attributes', 'normalized_attributes': {'length': None, 'curl': None, 'bang': None, 'volume': None, 'side_hair': None, 'color': None, 'style_family': None}, 'notes': ''}",1.0,['full_hair_candidate'],True,"{'keep': 'yes', 'notes': 'codex_visual_review'}","{'status': 'reviewed_render_safe_keep', 'source': 'manual_render_review'}"
celeba_full_hair_000202,CelebA_full_hair,183475.jpg,D:\Projects\Personal Projects\Hairstyle Recommender Live Tryon\backend\data\raw\celeba\img_align_celeba\img_align_celeba\183475.jpg,D:\Projects\Personal Projects\Hairstyle Recommender Live Tryon\backend\data\datasets\celeba_hair_rich\segmentation_masks\183475_hair_mask.png,D:\Projects\Personal Projects\Hairstyle Recommender Live Tryon\backend\data\processed\celeba_full_hair_assets\images\celeba_full_hair_000202.png,D:\Projects\Personal Projects\Hairstyle Recommender Live Tryon\backend\data\processed\celeba_full_hair_assets\masks\celeba_full_hair_000202_mask.png,test,female,1.0,high,['usable_candidate'],"{'positive_pixels': 9036, 'coverage_ratio': 0.232863, 'bbox_x': 15, 'bbox_y': 3, 'bbox_width': 144, 'bbox_height': 187}","{'component_count': 1, 'largest_component_pixels': 9036, 'secondary_component_pixels': 0, 'stray_pixels': 0, 'stray_ratio': 0.0}","{'top_band_coverage': 0.33002, 'top_band_span_ratio': 0.52809, 'side_bias_ratio': 0.057548, 'outer_side_ratio': 0.173971, 'top_rows_with_pixels': 36}","{'left': 0, 'top': 0, 'right': 178, 'bottom': 204}","{'width': 178, 'height': 204}","{'positive_fields': ['Black_Hair'], 'color_hint': 'Black_Hair', 'texture_hint': None, 'bangs_hint': False, 'male_hint': False, 'receding_hairline_hint': False}","{'status': 'seed_from_celeba_attributes', 'taxonomy_source': 'CelebA_native_attributes', 'normalized_attributes': {'length': None, 'curl': None, 'bang': None, 'volume': None, 'side_hair': None, 'color': None, 'style_family': None}, 'notes': ''}",1.0,['full_hair_candidate'],True,"{'keep': 'yes', 'notes': 'codex_visual_review'}","{'status': 'reviewed_render_safe_keep', 'source': 'manual_render_review'}"
celeba_full_hair_000203,CelebA_full_hair,183495.jpg,D:\Projects\Personal Projects\Hairstyle Recommender Live Tryon\backend\data\raw\celeba\img_align_celeba\img_align_celeba\183495.jpg,D:\Projects\Personal Projects\Hairstyle Recommender Live Tryon\backend\data\datasets\celeba_hair_rich\segmentation_masks\183495_hair_mask.png,D:\Projects\Personal Projects\Hairstyle Recommender Live Tryon\backend\data\processed\celeba_full_hair_assets\images\celeba_full_hair_000203.png,D:\Projects\Personal Projects\Hairstyle Recommender Live Tryon\backend\data\processed\celeba_full_hair_assets\masks\celeba_full_hair_000203_mask.png,test,female,1.0,high,['usable_candidate'],"{'positive_pixels': 12301, 'coverage_ratio': 0.317003, 'bbox_x': 19, 'bbox_y': 8, 'bbox_width': 145, 'bbox_height': 182}","{'component_count': 1, 'largest_component_pixels': 12301, 'secondary_component_pixels': 0, 'stray_pixels': 0, 'stray_ratio': 0.0}","{'top_band_coverage': 0.406943, 'top_band_span_ratio': 0.685393, 'side_bias_ratio': 0.036176, 'outer_side_ratio': 0.160637, 'top_rows_with_pixels': 31}","{'left': 0, 'top': 0, 'right': 178, 'bottom': 204}","{'width': 178, 'height': 204}","{'positive_fields': ['Bangs', 'Wavy_Hair'], 'color_hint': None, 'texture_hint': 'Wavy_Hair', 'bangs_hint': True, 'male_hint': False, 'receding_hairline_hint': False}","{'status': 'seed_from_celeba_attributes', 'taxonomy_source': 'CelebA_native_attributes', 'normalized_attributes': {'length': None, 'curl': None, 'bang': None, 'volume': None, 'side_hair': None, 'color': None, 'style_family': None}, 'notes': ''}",1.0,['full_hair_candidate'],True,"{'keep': 'yes', 'notes': 'codex_visual_review'}","{'status': 'reviewed_render_safe_keep', 'source': 'manual_render_review'}"
celeba_full_hair_000204,CelebA_full_hair,183499.jpg,D:\Projects\Personal Projects\Hairstyle Recommender Live Tryon\backend\data\raw\celeba\img_align_celeba\img_align_celeba\183499.jpg,D:\Projects\Personal Projects\Hairstyle Recommender Live Tryon\backend\data\datasets\celeba_hair_rich\segmentation_masks\183499_hair_mask.png,D:\Projects\Personal Projects\Hairstyle Recommender Live Tryon\backend\data\processed\celeba_full_hair_assets\images\celeba_full_hair_000204.png,D:\Projects\Personal Projects\Hairstyle Recommender Live Tryon\backend\data\processed\celeba_full_hair_assets\masks\celeba_full_hair_000204_mask.png,test,female,1.0,high,['usable_candidate'],"{'positive_pixels': 10217, 'coverage_ratio': 0.263298, 'bbox_x': 8, 'bbox_y': 14, 'bbox_width': 143, 'bbox_height': 188}","{'component_count': 1, 'largest_component_pixels': 10217, 'secondary_component_pixels': 0, 'stray_pixels': 0, 'stray_ratio': 0.0}","{'top_band_coverage': 0.196917, 'top_band_span_ratio': 0.47191, 'side_bias_ratio': 0.110698, 'outer_side_ratio': 0.091318, 'top_rows_with_pixels': 25}","{'left': 0, 'top': 0, 'right': 173, 'bottom': 217}","{'width': 173, 'height': 217}","{'positive_fields': ['Black_Hair', 'Wavy_Hair'], 'color_hint': 'Black_Hair', 'texture_hint': 'Wavy_Hair', 'bangs_hint': False, 'male_hint': False, 'receding_hairline_hint': False}","{'status': 'seed_from_celeba_attributes', 'taxonomy_source': 'CelebA_native_attributes', 'normalized_attributes': {'length': None, 'curl': None, 'bang': None, 'volume': None, 'side_hair': None, 'color': None, 'style_family': None}, 'notes': ''}",1.0,['full_hair_candidate'],True,"{'keep': 'yes', 'notes': 'codex_visual_review'}","{'status': 'reviewed_render_safe_keep', 'source': 'manual_render_review'}"
celeba_full_hair_000205,CelebA_full_hair,183568.jpg,D:\Projects\Personal Projects\Hairstyle Recommender Live Tryon\backend\data\raw\celeba\img_align_celeba\img_align_celeba\183568.jpg,D:\Projects\Personal Projects\Hairstyle Recommender Live Tryon\backend\data\datasets\celeba_hair_rich\segmentation_masks\183568_hair_mask.png,D:\Projects\Personal Projects\Hairstyle Recommender Live Tryon\backend\data\processed\celeba_full_hair_assets\images\celeba_full_hair_000205.png,D:\Projects\Personal Projects\Hairstyle Recommender Live Tryon\backend\data\processed\celeba_full_hair_assets\masks\celeba_full_hair_000205_mask.png,test,male,1.0,high,['usable_candidate'],"{'positive_pixels': 11516, 'coverage_ratio': 0.296774, 'bbox_x': 15, 'bbox_y': 15, 'bbox_width': 146, 'bbox_height': 143}","{'component_count': 1, 'largest_component_pixels': 11516, 'secondary_component_pixels': 0, 'stray_pixels': 0, 'stray_ratio': 0.0}","{'top_band_coverage': 0.19951, 'top_band_span_ratio': 0.516854, 'side_bias_ratio': 0.057485, 'outer_side_ratio': 0.15561, 'top_rows_with_pixels': 24}","{'left': 0, 'top': 0, 'right': 178, 'bottom': 169}","{'width': 178, 'height': 169}","{'positive_fields': ['Male', 'Bangs', 'Wavy_Hair'], 'color_hint': None, 'texture_hint': 'Wavy_Hair', 'bangs_hint': True, 'male_hint': True, 'receding_hairline_hint': False}","{'status': 'seed_from_celeba_attributes', 'taxonomy_source': 'CelebA_native_attributes', 'normalized_attributes': {'length': None, 'curl': None, 'bang': None, 'volume': None, 'side_hair': None, 'color': None, 'style_family': None}, 'notes': ''}",1.0,['full_hair_candidate'],True,"{'keep': 'yes', 'notes': 'codex_visual_review'}","{'status': 'reviewed_render_safe_keep', 'source': 'manual_render_review'}"
celeba_full_hair_000206,CelebA_full_hair,183590.jpg,D:\Projects\Personal Projects\Hairstyle Recommender Live Tryon\backend\data\raw\celeba\img_align_celeba\img_align_celeba\183590.jpg,D:\Projects\Personal Projects\Hairstyle Recommender Live Tryon\backend\data\datasets\celeba_hair_rich\segmentation_masks\183590_hair_mask.png,D:\Projects\Personal Projects\Hairstyle Recommender Live Tryon\backend\data\processed\celeba_full_hair_assets\images\celeba_full_hair_000206.png,D:\Projects\Personal Projects\Hairstyle Recommender Live Tryon\backend\data\processed\celeba_full_hair_assets\masks\celeba_full_hair_000206_mask.png,test,male,1.0,high,['usable_candidate'],"{'positive_pixels': 10509, 'coverage_ratio': 0.270823, 'bbox_x': 16, 'bbox_y': 15, 'bbox_width': 127, 'bbox_height': 140}","{'component_count': 1, 'largest_component_pixels': 10509, 'secondary_component_pixels': 0, 'stray_pixels': 0, 'stray_ratio': 0.0}","{'top_band_coverage': 0.171997, 'top_band_span_ratio': 0.488764, 'side_bias_ratio': 0.152346, 'outer_side_ratio': 0.092397, 'top_rows_with_pixels': 24}","{'left': 0, 'top': 0, 'right': 163, 'bottom': 166}","{'width': 163, 'height': 166}","{'positive_fields': ['Male', 'Bangs', 'Brown_Hair', 'Wavy_Hair'], 'color_hint': 'Brown_Hair', 'texture_hint': 'Wavy_Hair', 'bangs_hint': True, 'male_hint': True, 'receding_hairline_hint': False}","{'status': 'seed_from_celeba_attributes', 'taxonomy_source': 'CelebA_native_attributes', 'normalized_attributes': {'length': None, 'curl': None, 'bang': None, 'volume': None, 'side_hair': None, 'color': None, 'style_family': None}, 'notes': ''}",1.0,['full_hair_candidate'],True,"{'keep': 'yes', 'notes': 'codex_visual_review'}","{'status': 'reviewed_render_safe_keep', 'source': 'manual_render_review'}"
celeba_full_hair_000208,CelebA_full_hair,183664.jpg,D:\Projects\Personal Projects\Hairstyle Recommender Live Tryon\backend\data\raw\celeba\img_align_celeba\img_align_celeba\183664.jpg,D:\Projects\Personal Projects\Hairstyle Recommender Live Tryon\backend\data\datasets\celeba_hair_rich\segmentation_masks\183664_hair_mask.png,D:\Projects\Personal Projects\Hairstyle Recommender Live Tryon\backend\data\processed\celeba_full_hair_assets\images\celeba_full_hair_000208.png,D:\Projects\Personal Projects\Hairstyle Recommender Live Tryon\backend\data\processed\celeba_full_hair_assets\masks\celeba_full_hair_000208_mask.png,test,male,1.0,high,['usable_candidate'],"{'positive_pixels': 9144, 'coverage_ratio': 0.235646, 'bbox_x': 16, 'bbox_y': 12, 'bbox_width': 143, 'bbox_height': 146}","{'component_count': 1, 'largest_component_pixels': 9144, 'secondary_component_pixels': 0, 'stray_pixels': 0, 'stray_ratio': 0.0}","{'top_band_coverage': 0.28306, 'top_band_span_ratio': 0.573034, 'side_bias_ratio': 0.045932, 'outer_side_ratio': 0.198163, 'top_rows_with_pixels': 27}","{'left': 0, 'top': 0, 'right': 178, 'bottom': 169}","{'width': 178, 'height': 169}","{'positive_fields': ['Male', 'Brown_Hair', 'Wavy_Hair'], 'color_hint': 'Brown_Hair', 'texture_hint': 'Wavy_Hair', 'bangs_hint': False, 'male_hint': True, 'receding_hairline_hint': False}","{'status': 'seed_from_celeba_attributes', 'taxonomy_source': 'CelebA_native_attributes', 'normalized_attributes': {'length': None, 'curl': None, 'bang': None, 'volume': None, 'side_hair': None, 'color': None, 'style_family': None}, 'notes': ''}",1.0,['full_hair_candidate'],True,"{'keep': 'yes', 'notes': 'codex_visual_review'}","{'status': 'reviewed_render_safe_keep', 'source': 'manual_render_review'}"
celeba_full_hair_000209,CelebA_full_hair,183827.jpg,D:\Projects\Personal Projects\Hairstyle Recommender Live Tryon\backend\data\raw\celeba\img_align_celeba\img_align_celeba\183827.jpg,D:\Projects\Personal Projects\Hairstyle Recommender Live Tryon\backend\data\datasets\celeba_hair_rich\segmentation_masks\183827_hair_mask.png,D:\Projects\Personal Projects\Hairstyle Recommender Live Tryon\backend\data\processed\celeba_full_hair_assets\images\celeba_full_hair_000209.png,D:\Projects\Personal Projects\Hairstyle Recommender Live Tryon\backend\data\processed\celeba_full_hair_assets\masks\celeba_full_hair_000209_mask.png,test,male,1.0,high,['usable_candidate'],"{'positive_pixels': 11125, 'coverage_ratio': 0.286697, 'bbox_x': 28, 'bbox_y': 13, 'bbox_width': 144, 'bbox_height': 147}","{'component_count': 1, 'largest_component_pixels': 11125, 'secondary_component_pixels': 0, 'stray_pixels': 0, 'stray_ratio': 0.0}","{'top_band_coverage': 0.22832, 'top_band_span_ratio': 0.601124, 'side_bias_ratio': 0.262562, 'outer_side_ratio': 0.190202, 'top_rows_with_pixels': 26}","{'left': 5, 'top': 0, 'right': 178, 'bottom': 171}","{'width': 173, 'height': 171}","{'positive_fields': ['Male', 'Brown_Hair', 'Wavy_Hair'], 'color_hint': 'Brown_Hair', 'texture_hint': 'Wavy_Hair', 'bangs_hint': False, 'male_hint': True, 'receding_hairline_hint': False}","{'status': 'seed_from_celeba_attributes', 'taxonomy_source': 'CelebA_native_attributes', 'normalized_attributes': {'length': None, 'curl': None, 'bang': None, 'volume': None, 'side_hair': None, 'color': None, 'style_family': None}, 'notes': ''}",1.0,['full_hair_candidate'],True,"{'keep': 'yes', 'notes': 'codex_visual_review'}","{'status': 'reviewed_render_safe_keep', 'source': 'manual_render_review'}"
